index,budget,genres,homepage,id,keywords,original_language,original_title,overview,popularity,production_companies,production_countries,release_date,revenue,runtime,spoken_languages,status,tagline,title,vote_average,vote_count,cast,crew,director
0,0,"adventure film, war film",,Q137589538,English cinema 2024 2025,en,Escape From The Outland,,0,,,2025-12-31,0,0,English,Released,,Escape From The Outland,0,0,,,Ao Shen
1,0,"comedy drama, comedy film, drama film",,Q130284179,English cinema 2024 2025,en,Sentimental Value,,0,,,2025-12-26,0,0,English,Released,,Sentimental Value,0,0,,,Joachim Trier
2,0,,,Q131760998,Hindi cinema 2024 2025,hi,Alpha,,0,,,2025-12-25,0,0,Hindi,Released,,Alpha,0,0,,,
3,0,"action film, adventure film, comedy film",,Q131549006,English cinema 2024 2025,en,Anaconda,,0,,,2025-12-25,0,0,English,Released,,Anaconda,0,0,,,Tom Gormican
4,0,"drama film, horror film, romance film, speculative fiction film, vampire film",,Q125187519,English cinema 2024 2025,en,Dracula: A Love Tale,,0,,,2025-12-25,0,0,English,Released,,Dracula: A Love Tale,0,0,,,Luc Besson
5,0,drama film,,Q130118681,English cinema 2024 2025,en,Marty Supreme,,0,,,2025-12-25,0,0,English,Released,,Marty Supreme,0,0,,,Josh Safdie
6,0,"biographical film, drama film, musical drama, musical film",,Q130532687,English cinema 2024 2025,en,Song Sung Blue,,0,,,2025-12-25,0,0,English,Released,,Song Sung Blue,0,0,,,Craig Brewer
7,0,,,Q134839395,English cinema 2024 2025,en,Teenage Mutant Ninja Turtles Chrome Alone 2: Lost in New Jersey,,0,,,2025-12-25,0,0,English,Released,,Teenage Mutant Ninja Turtles Chrome Alone 2: Lost in New Jersey,0,0,,,
8,0,thriller film,,Q131630491,English cinema 2024 2025,en,The Housemaid,,0,,,2025-12-25,0,0,English,Released,,The Housemaid,0,0,,,Paul Feig
9,0,"biographical film, drama film",,Q120135481,English cinema 2024 2025,en,The Salt Path,,0,,,2025-12-25,0,0,English,Released,,The Salt Path,0,0,,,Marianne Elliott
10,0,"anthology film, comedy drama",,Q124364048,English cinema 2024 2025,en,Father Mother Sister Brother,,0,,,2025-12-24,0,0,English,Released,,Father Mother Sister Brother,0,0,,,Jim Jarmusch
11,0,drama film,,Q133311073,English cinema 2024 2025,en,Goodbye June,,0,,,2025-12-24,0,0,English,Released,,Goodbye June,0,0,,,Kate Winslet
12,0,thriller film,,Q134052834,English cinema 2024 2025,en,The Plague,,0,,,2025-12-24,0,0,English,Released,,The Plague,0,0,,,Charlie Polinger
13,0,"action film, science fiction film",,Q29580929,English cinema 2024 2025,en,Avatar: Fire and Ash,,0,,,2025-12-19,0,0,English,Released,,Avatar: Fire and Ash,0,0,,,James Cameron
14,0,"erotic film, horror film, thriller film",,Q135443289,English cinema 2024 2025,en,Bone Lake,,0,,,2025-12-18,0,0,English,Released,,Bone Lake,0,0,,,Mercedes Bryce Morgan
15,0,"drama film, horror film, thriller film",,Q121572303,English cinema 2024 2025,en,Dust Bunny,,0,,,2025-12-18,0,0,English,Released,,Dust Bunny,0,0,,,Bryan Fuller
16,0,slasher film,,Q134386480,English cinema 2024 2025,en,"Silent Night, Deadly Night",,0,,,2025-12-18,0,0,English,Released,,"Silent Night, Deadly Night",0,0,,,
17,0,"children's film, family film, holiday-themed film",,Q136672261,English cinema 2024 2025,en,A Loud House Christmas Movie: Naughty or Nice,,0,,,2025-12-13,0,0,English,Released,,A Loud House Christmas Movie: Naughty or Nice,0,0,,,Darin McGowan
18,0,"comedy drama, drama film, war film",,Q125627182,English cinema 2024 2025,en,Eleanor the Great,,0,,,2025-12-12,0,0,English,Released,,Eleanor the Great,0,0,,,Scarlett Johansson
19,0,"comedy film, political film",,Q124408474,English cinema 2024 2025,en,Ella McCay,,0,,,2025-12-12,0,0,English,Released,,Ella McCay,0,0,,,James L. Brooks
20,0,"biographical film, sport film",,Q126012569,English cinema 2024 2025,en,The Smashing Machine,,0,,,2025-12-11,0,0,English,Released,,The Smashing Machine,0,0,,,Benny Safdie
21,0,"drama film, romance film",,Q137554596,Hindi cinema 2024 2025,hi,Early Days,,0,,,2025-12-10,0,0,Hindi,Released,,Early Days,0,0,,,
22,0,,,Q137537086,Hindi cinema 2024 2025,hi,Mamta Child Factory,,0,,,2025-12-10,0,0,Hindi,Released,,Mamta Child Factory,0,0,,,Mohsin Khan
23,0,,,Q125825858,English cinema 2024 2025,en,Merv,,0,,,2025-12-10,0,0,English,Released,,Merv,0,0,,,Jessica Swale
24,0,"fantasy film, historical fantasy",,Q131290709,English cinema 2024 2025,en,100 Nights of Hero,,0,,,2025-12-05,0,0,English,Released,,100 Nights of Hero,0,0,,,Julia Jackman
25,0,"action thriller, spy film",,Q135230927,Hindi cinema 2024 2025,hi,Dhurandhar,,0,,,2025-12-05,0,0,Hindi,Released,,Dhurandhar,0,0,,,Aditya Dhar
26,0,"animated film, drama film, family film",,Q136530239,English cinema 2024 2025,en,Diary of a Wimpy Kid: The Last Straw,,0,,,2025-12-05,0,0,English,Released,,Diary of a Wimpy Kid: The Last Straw,0,0,,,Matt Danner
27,0,"horror film, mystery film, supernatural horror film",,Q124216482,English cinema 2024 2025,en,Five Nights at Freddy's 2,,0,,,2025-12-05,0,0,English,Released,,Five Nights at Freddy's 2,0,0,,,Emma Tammi
28,0,"comedy film, coming-of-age film, drama film",,Q124829697,English cinema 2024 2025,en,Jay Kelly,,0,,,2025-12-05,0,0,English,Released,,Jay Kelly,0,0,,,Noah Baumbach
29,0,"girls with guns, martial arts film, thriller film",,Q18126825,English cinema 2024 2025,en,Kill Bill: The Whole Bloody Affair,,0,,,2025-12-05,0,0,English,Released,,Kill Bill: The Whole Bloody Affair,0,0,,,Quentin Tarantino
30,0,drama film,,Q124393313,English cinema 2024 2025,en,Nuremberg,,0,,,2025-12-05,0,0,English,Released,,Nuremberg,0,0,,,James Vanderbilt
31,0,documentary film,,Q137273828,English cinema 2024 2025,en,Q137273828,,0,,,2025-12-05,0,0,English,Released,,Q137273828,0,0,,,
32,0,,,Q132180513,English cinema 2024 2025,en,Tinsel Town,,0,,,2025-12-05,0,0,English,Released,,Tinsel Town,0,0,,,Chris Foggin
33,0,"LGBT-related film, romantic comedy",,Q126203157,English cinema 2024 2025,en,Eternity,,0,,,2025-12-04,0,0,English,Released,,Eternity,0,0,,,David Freyne
34,0,documentary film,,Q51435379,English cinema 2024 2025,en,Exhibition on Screen: Canaletto & the Art of Venice,,0,,,2025-12-04,0,0,English,Released,,Exhibition on Screen: Canaletto & the Art of Venice,0,0,,,David Bickerstaff
35,0,drama film,,Q135466587,English cinema 2024 2025,en,Mother,,0,,,2025-12-04,0,0,English,Released,,Mother,0,0,,,Teona Strugar Mitevska
36,0,"drama film, romance film",,Q132816896,English cinema 2024 2025,en,Regretting You,,0,,,2025-12-04,0,0,English,Released,,Regretting You,0,0,,,Josh Boone
37,0,"biographical film, documentary film, rockumentary",,Q1577115,English cinema 2024 2025,en,When You're Strange,,0,,,2025-12-04,0,0,English,Released,,When You're Strange,0,0,,,Tom DiCillo
38,0,,,Q135969889,English cinema 2024 2025,en,My Secret Santa,,0,,,2025-12-03,0,0,English,Released,,My Secret Santa,0,0,,,Michael Rohl
39,0,"Christmas film, comedy film",,Q125758998,English cinema 2024 2025,en,Oh. What. Fun.,,0,,,2025-12-03,0,0,English,Released,,Oh. What. Fun.,0,0,,,Michael Showalter
40,0,"action film, thriller film",,Q124947655,English cinema 2024 2025,en,Dead of Winter,,0,,,2025-11-28,0,0,English,Released,,Dead of Winter,0,0,,,Brian Kirk
41,0,"drama film, thriller film, war film",,Q137177175,English cinema 2024 2025,en,Desperate Journey,,0,,,2025-11-28,0,0,English,Released,,Desperate Journey,0,0,,,
42,0,"crime film, heist film, thriller film",,Q65146722,English cinema 2024 2025,en,Now You See Me: Now You Don't,,0,,,2025-11-28,0,0,English,Released,,Now You See Me: Now You Don't,0,0,,,Ruben Fleischer
43,0,,,Q137571672,English cinema 2024 2025,en,A Disney Holiday Short: Best Christmas Ever,,0,,,2025-11-27,0,0,English,Released,,A Disney Holiday Short: Best Christmas Ever,0,0,,,Taika Waititi
44,0,"biographical film, boxing film, drama film, sport film",,Q130403642,English cinema 2024 2025,en,Christy,,0,,,2025-11-27,0,0,English,Released,,Christy,0,0,,,David Michôd
45,0,"biographical film, drama film",,Q122741016,English cinema 2024 2025,en,Hamnet,,0,,,2025-11-27,0,0,English,Released,,Hamnet,0,0,,,Chloé Zhao
46,0,romantic comedy film,,Q131429514,English cinema 2024 2025,en,"Oh, Hi!",,0,,,2025-11-27,0,0,English,Released,,"Oh, Hi!",0,0,,,Sophie Brooks
47,0,,,Q134571187,English cinema 2024 2025,en,Prep & Landing: The Snowball Protocol,,0,,,2025-11-27,0,0,English,Released,,Prep & Landing: The Snowball Protocol,0,0,,,Shane Zalvin
48,0,"drama film, thriller film",,Q136478338,English cinema 2024 2025,en,Hell in Paradise,,0,,,2025-11-26,0,0,English,Released,,Hell in Paradise,0,0,,,Leïla Sy
49,0,"Christmas film, romantic comedy film",,Q123910761,English cinema 2024 2025,en,Jingle Bell Heist,,0,,,2025-11-26,0,0,English,Released,,Jingle Bell Heist,0,0,,,Michael Fimognari
50,0,documentary film,,Q138002096,English cinema 2024 2025,en,Ritratti di cinema,,0,,,2025-11-26,0,0,English,Released,,Ritratti di cinema,0,0,,,Paolo Civati
51,0,"drama film, political film, thriller film",,Q126009194,English cinema 2024 2025,en,The Wizard of the Kremlin,,0,,,2025-11-26,0,0,English,Released,,The Wizard of the Kremlin,0,0,,,Olivier Assayas
52,0,"comedy film, detective fiction, mystery film",,Q115931717,English cinema 2024 2025,en,Wake Up Dead Man,,0,,,2025-11-26,0,0,English,Released,,Wake Up Dead Man,0,0,,,Rian Johnson
53,0,"horror film, thriller film",,Q131386935,English cinema 2024 2025,en,Blood Star,,0,,,2025-11-25,0,0,English,Released,,Blood Star,0,0,,,Lawrence Jacomelli
54,0,"biographical film, drama film",,Q136513548,English cinema 2024 2025,en,Kapodistrias,,0,,,2025-11-25,0,0,English,Released,,Kapodistrias,0,0,,,Yannis Smaragdis
55,0,romantic comedy film,,Q133890071,English cinema 2024 2025,en,The Best You Can,,0,,,2025-11-25,0,0,English,Released,,The Best You Can,0,0,,,Michael J. Weithorn
56,0,action film,,Q133273687,English cinema 2024 2025,en,Wildcat,,0,,,2025-11-25,0,0,English,Released,,Wildcat,0,0,,,James Nunn
57,0,"action film, science fiction action film, science fiction film",,Q131456643,English cinema 2024 2025,en,Altered,,0,,,2025-11-21,0,0,English,Released,,Altered,0,0,,,Timo Vuorensola
58,0,drama film,,Q119059033,English cinema 2024 2025,en,Blue Eyed Girl,,0,,,2025-11-21,0,0,English,Released,,Blue Eyed Girl,0,0,,,J. Mills Goodloe
59,0,"biographical film, drama film",,Q131428368,English cinema 2024 2025,en,Peter Hujar’s Day,,0,,,2025-11-21,0,0,English,Released,,Peter Hujar’s Day,0,0,,,Ira Sachs
60,0,comedy drama,,Q124947229,English cinema 2024 2025,en,Rental Family,,0,,,2025-11-21,0,0,English,Released,,Rental Family,0,0,,,Hikari
61,0,action film,,Q125020375,English cinema 2024 2025,en,Sisu: Road to Revenge,,0,,,2025-11-21,0,0,English,Released,,Sisu: Road to Revenge,0,0,,,Jalmari Helander
62,0,documentary film,,Q132733657,English cinema 2024 2025,en,The Age of Disclosure,,0,,,2025-11-21,0,0,English,Released,,The Age of Disclosure,0,0,,,Dan Farah
63,0,,,Q132682968,English cinema 2024 2025,en,The Family Plan 2,,0,,,2025-11-21,0,0,English,Released,,The Family Plan 2,0,0,,,Q7518443
64,0,"dystopia, dystopian film, horror film, science fiction film, thriller film",,Q126511469,English cinema 2024 2025,en,The Long Walk,,0,,,2025-11-21,0,0,English,Released,,The Long Walk,0,0,,,Francis Lawrence
65,0,drama film,,Q126086662,English cinema 2024 2025,en,Train Dreams,,0,,,2025-11-21,0,0,English,Released,,Train Dreams,0,0,,,Clint Bentley
66,0,"fantasy film, musical film",,Q114817050,English cinema 2024 2025,en,Wicked: For Good,,0,,,2025-11-21,0,0,English,Released,,Wicked: For Good,0,0,,,Jon M. Chu
67,0,"Western film, black comedy film, comedy film, contemporary Western film, crime film, drama film, horror film, satirical film or television program, thriller film",,Q121433282,English cinema 2024 2025,en,Eddington,,0,,,2025-11-20,0,0,English,Released,,Eddington,0,0,,,Ari Aster
68,0,romantic comedy film,,Q131956860,English cinema 2024 2025,en,Champagne Problems,,0,,,2025-11-19,0,0,English,Released,,Champagne Problems,0,0,,,Mark Steven Johnson
69,0,"action film, dystopian film, science fiction film, thriller film",,Q125449414,English cinema 2024 2025,en,The Running Man,,0,,,2025-11-19,0,0,English,Released,,The Running Man,0,0,,,Edgar Wright
70,0,"adventure film, mockumentary, time-travel film",,Q126086666,English cinema 2024 2025,en,Nirvanna the Band the Show the Movie,,0,,,2025-11-17,0,0,English,Released,,Nirvanna the Band the Show the Movie,0,0,,,Matt Johnson
71,0,"Christmas film, comedy film, musical film",,Q133502685,English cinema 2024 2025,en,A Very Jonas Christmas Movie,,0,,,2025-11-14,0,0,English,Released,,A Very Jonas Christmas Movie,0,0,,,Jessica Yu
72,0,,,Q133307626,English cinema 2024 2025,en,Bunny,,0,,,2025-11-14,0,0,English,Released,,Bunny,0,0,,,
73,0,"adventure film, comedy film, musical film",,Q133261063,English cinema 2024 2025,en,In Your Dreams,,0,,,2025-11-14,0,0,English,Released,,In Your Dreams,0,0,,,"Alexander Woo, Erik Benson"
74,0,horror film,,Q130753385,English cinema 2024 2025,en,Keeper,,0,,,2025-11-14,0,0,English,Released,,Keeper,0,0,,,Oz Perkins
75,0,action thriller,,Q123986303,English cinema 2024 2025,en,King Ivory,,0,,,2025-11-14,0,0,English,Released,,King Ivory,0,0,,,John Swab
76,0,mystery film,,Q131523345,English cinema 2024 2025,en,Murder at the Embassy,,0,,,2025-11-14,0,0,English,Released,,Murder at the Embassy,0,0,,,Stephen Shimek
77,0,thriller film,,Q136432677,English cinema 2024 2025,en,Muzzle: City of Wolves,,0,,,2025-11-14,0,0,English,Released,,Muzzle: City of Wolves,0,0,,,"John Stalberg, Jr."
78,0,drama film,,Q131428292,English cinema 2024 2025,en,Rebuilding,,0,,,2025-11-14,0,0,English,Released,,Rebuilding,0,0,,,Max Walker-Silverman
79,0,"drama film, post-apocalyptic film, road movie",,Q133850188,English cinema 2024 2025,en,Sirât,,0,,,2025-11-14,0,0,English,Released,,Sirât,0,0,,,Óliver Laxe
80,0,,,Q125911900,English cinema 2024 2025,en,The Carpenter's Son,,0,,,2025-11-14,0,0,English,Released,,The Carpenter's Son,0,0,,,Lotfy Nathan
81,0,crime film,,Q130569705,English cinema 2024 2025,en,The Perfect Gamble,,0,,,2025-11-14,0,0,English,Released,,The Perfect Gamble,0,0,,,Danny A. Abeckaser
82,0,"biographical film, drama film",,Q108585934,English cinema 2024 2025,en,The Yellow Tie,,0,,,2025-11-14,0,0,English,Released,,The Yellow Tie,0,0,,,Serge Ioan Celebidache
83,0,"action film, thriller film",,Q125388230,English cinema 2024 2025,en,Trap House,,0,,,2025-11-14,0,0,English,Released,,Trap House,0,0,,,Michael Dowse
84,0,"drama film, psychological drama film, romantic comedy film",,Q136433703,English cinema 2024 2025,en,Two Sleepy People,,0,,,2025-11-14,0,0,English,Released,,Two Sleepy People,0,0,,,Baron Ryan
85,0,,,Q135400432,English cinema 2024 2025,en,Solomamma,,0,,,2025-11-13,0,0,English,Released,,Solomamma,0,0,,,Janicke Askevold
86,0,"Christmas film, romantic comedy film",,Q132646702,English cinema 2024 2025,en,A Merry Little Ex-Mas,,0,,,2025-11-12,0,0,English,Released,,A Merry Little Ex-Mas,0,0,,,Steve Carr
87,0,"action comedy film, action film, buddy film, comedy film",,Q126209905,English cinema 2024 2025,en,Playdate,,0,,,2025-11-12,0,0,English,Released,,Playdate,0,0,,,Luke Greenfield
88,0,"drama film, romance film",,Q136697978,Hindi cinema 2024 2025,hi,Q136697978,,0,,,2025-11-12,0,0,Hindi,Released,,Q136697978,0,0,,,Pierre Filmon
89,0,"drama film, romance film",,Q136697978,English cinema 2024 2025,en,Q136697978,,0,,,2025-11-12,0,0,English,Released,,Q136697978,0,0,,,Pierre Filmon
90,0,docudrama,,Q136813984,English cinema 2024 2025,en,Caravaggio,,0,,,2025-11-11,0,0,English,Released,,Caravaggio,0,0,,,
91,0,drama film,,Q136391118,English cinema 2024 2025,en,All That We Love,,0,,,2025-11-07,0,0,English,Released,,All That We Love,0,0,,,Yen Tan
92,0,"comedy film, science fiction film",,Q125971387,English cinema 2024 2025,en,Bugonia,,0,,,2025-11-07,0,0,English,Released,,Bugonia,0,0,,,Yorgos Lanthimos
93,0,domestic thriller,,Q117745793,English cinema 2024 2025,en,Die My Love,,0,,,2025-11-07,0,0,English,Released,,Die My Love,0,0,,,Lynne Ramsay
94,0,"adventure film, drama film, gothic film, horror film, romance film, science fiction film",,Q124393045,English cinema 2024 2025,en,Frankenstein,,0,,,2025-11-07,0,0,English,Released,,Frankenstein,0,0,,,Guillermo del Toro
95,0,"coming-of-age film, drama film",,Q124253867,English cinema 2024 2025,en,I Wish You All The Best,,0,,,2025-11-07,0,0,English,Released,,I Wish You All The Best,0,0,,,Tommy Dorfman
96,0,"Western film, thriller film",,Q135975526,English cinema 2024 2025,en,Long Shadows,,0,,,2025-11-07,0,0,English,Released,,Long Shadows,0,0,,,William Shockley
97,0,"action film, action thriller, science fiction film",,Q126396314,English cinema 2024 2025,en,Predator: Badlands,,0,,,2025-11-07,0,0,English,Released,,Predator: Badlands,0,0,,,Dan Trachtenberg
98,0,documentary film,,Q136764309,English cinema 2024 2025,en,Q136764309,,0,,,2025-11-07,0,0,English,Released,,Q136764309,0,0,,,
99,0,action film,,Q126902066,English cinema 2024 2025,en,Stone Cold Fox,,0,,,2025-11-07,0,0,English,Released,,Stone Cold Fox,0,0,,,
100,0,psychological horror film,,Q131289297,English cinema 2024 2025,en,The Beldham,,0,,,2025-11-07,0,0,English,Released,,The Beldham,0,0,,,
101,0,comedy drama,,Q127162841,English cinema 2024 2025,en,The Choral,,0,,,2025-11-07,0,0,English,Released,,The Choral,0,0,,,Nicholas Hytner
102,0,"drama film, thriller film",,Q120758667,English cinema 2024 2025,en,Anniversary,,0,,,2025-11-06,0,0,English,Released,,Anniversary,0,0,,,Jan Komasa
103,0,"LGBT-related film, biographical film, comedy drama",,Q127118129,English cinema 2024 2025,en,Blue Moon,,0,,,2025-11-06,0,0,English,Released,,Blue Moon,0,0,,,Richard Linklater
104,0,drama film,,Q136705825,English cinema 2024 2025,en,Finding Joy,,0,,,2025-11-05,0,0,English,Released,,Finding Joy,0,0,,,Tyler Perry
105,0,,,Q125627194,English cinema 2024 2025,en,Icefall,,0,,,2025-11-04,0,0,English,Released,,Icefall,0,0,,,Stefan Ruzowitzky
106,0,"coming-of-age film, drama film",,Q136831479,English cinema 2024 2025,en,Year One,,0,,,2025-11-04,0,0,English,Released,,Year One,0,0,,,
107,0,"documentary film, short film",,Q138333196,English cinema 2024 2025,en,Q138333196,,0,,,2025-11-01,0,0,English,Released,,Q138333196,0,0,,,
108,0,"biographical film, documentary film, music-themed film",,Q136688492,English cinema 2024 2025,en,The Best of BandLab,,0,,,2025-11-01,0,0,English,Released,,The Best of BandLab,0,0,,,Kuok Meng Ru
109,0,romance film,,Q137362603,Hindi cinema 2024 2025,hi,18 Heartbeats: Recording Live,,0,,,2025-10-31,0,0,Hindi,Released,,18 Heartbeats: Recording Live,0,0,,,Anurag Jha
110,0,"drama film, metacinema",,Q125867250,English cinema 2024 2025,en,Nouvelle Vague,,0,,,2025-10-31,0,0,English,Released,,Nouvelle Vague,0,0,,,Richard Linklater
111,0,,,Q136656938,Hindi cinema 2024 2025,hi,Single Salma,,0,,,2025-10-31,0,0,Hindi,Released,,Single Salma,0,0,,,
112,0,"action film, thriller film",,Q122946886,English cinema 2024 2025,en,The Wrecker,,0,,,2025-10-31,0,0,English,Released,,The Wrecker,0,0,,,Art Camacho
113,0,documentary film,,Q136661865,English cinema 2024 2025,en,Aileen: Queen of the Serial Killers,,0,,,2025-10-30,0,0,English,Released,,Aileen: Queen of the Serial Killers,0,0,,,
114,0,"survival film, thriller film",,Q123472177,English cinema 2024 2025,en,Eden,,0,,,2025-10-30,0,0,English,Released,,Eden,0,0,,,Ron Howard
115,0,"biographical film, drama film",,Q133194723,English cinema 2024 2025,en,Q133194723,,0,,,2025-10-30,0,0,English,Released,,Q133194723,0,0,,,Gregor Valentovič
116,0,"biographical film, crime film, romantic comedy",,Q130742503,English cinema 2024 2025,en,Roofman,,0,,,2025-10-30,0,0,English,Released,,Roofman,0,0,,,Derek Cianfrance
117,0,"mystery film, supernatural horror film",,Q112039665,English cinema 2024 2025,en,Shelby Oaks,,0,,,2025-10-30,0,0,English,Released,,Shelby Oaks,0,0,,,Chris Stuckmann
118,0,"action film, science fiction film",,Q124948054,English cinema 2024 2025,en,Worldbreaker,,0,,,2025-10-30,0,0,English,Released,,Worldbreaker,0,0,,,Brad Anderson
119,0,"documentary film, musical film",,Q133866372,English cinema 2024 2025,en,Depeche Mode: M,,0,,,2025-10-28,0,0,English,Released,,Depeche Mode: M,0,0,,,Fernando Frías de la Parra
120,0,"drama film, survival film, thriller film",,Q123137223,English cinema 2024 2025,en,Not Without Hope,,0,,,2025-10-25,0,0,English,Released,,Not Without Hope,0,0,,,Joe Carnahan
121,0,thriller film,,Q131686066,English cinema 2024 2025,en,A House of Dynamite,,0,,,2025-10-24,0,0,English,Released,,A House of Dynamite,0,0,,,Kathryn Bigelow
122,0,"biographical film, drama film",,Q125962650,English cinema 2024 2025,en,Last Days,,0,,,2025-10-24,0,0,English,Released,,Last Days,0,0,,,Justin Lin
123,0,"biographical film, drama film",,Q125401070,English cinema 2024 2025,en,Springsteen: Deliver Me from Nowhere,,0,,,2025-10-24,0,0,English,Released,,Springsteen: Deliver Me from Nowhere,0,0,,,Scott Cooper
124,0,"supernatural horror film, thriller film",,Q124435493,English cinema 2024 2025,en,Black Phone 2,,0,,,2025-10-23,0,0,English,Released,,Black Phone 2,0,0,,,Scott Derrickson
125,0,documentary film,,Q135982952,English cinema 2024 2025,en,Ping Pong Paradise,,0,,,2025-10-23,0,0,English,Released,,Ping Pong Paradise,0,0,,,Q135982958
126,0,documentary film,,Q130331669,English cinema 2024 2025,en,Wisdom of Happiness,,0,,,2025-10-23,0,0,English,Released,,Wisdom of Happiness,0,0,,,"Barbara Miller, Philip Delaquis"
127,0,"LGBT-related film, drama film",,Q124215661,English cinema 2024 2025,en,Hedda,,0,,,2025-10-22,0,0,English,Released,,Hedda,0,0,,,Nia DaCosta
128,0,thriller film,,Q133627078,English cinema 2024 2025,en,The Hand That Rocks the Cradle,,0,,,2025-10-22,0,0,English,Released,,The Hand That Rocks the Cradle,0,0,,,Michelle Garza Cervera
129,0,,,Q135927381,Hindi cinema 2024 2025,hi,Ek Deewane Ki Deewaniyat,,0,,,2025-10-21,0,0,Hindi,Released,,Ek Deewane Ki Deewaniyat,0,0,,,Milap Zaveri
130,0,drama film,,Q134717410,English cinema 2024 2025,en,Mr. Universe,,0,,,2025-10-20,0,0,English,Released,,Mr. Universe,0,0,,,György Szomjas
131,0,drama film,,Q137546022,English cinema 2024 2025,en,Undercard,,0,,,2025-10-20,0,0,English,Released,,Undercard,0,0,,,
132,0,comedy film,,Q136469247,English cinema 2024 2025,en,The Fox,,0,,,2025-10-19,0,0,English,Released,,The Fox,0,0,,,Dario Russo
133,0,,,Q125415454,English cinema 2024 2025,en,Ballad of a Small Player,,0,,,2025-10-17,0,0,English,Released,,Ballad of a Small Player,0,0,,,Edward Berger
134,0,comedy film,,Q124364757,English cinema 2024 2025,en,Good Fortune,,0,,,2025-10-17,0,0,English,Released,,Good Fortune,0,0,,,Aziz Ansari
135,0,"action thriller, disaster film",,Q131859817,English cinema 2024 2025,en,Good News,,0,,,2025-10-17,0,0,English,Released,,Good News,0,0,,,Byun Sung-hyun
136,0,comedy drama,,Q124450734,English cinema 2024 2025,en,If I Had Legs I'd Kick You,,0,,,2025-10-17,0,0,English,Released,,If I Had Legs I'd Kick You,0,0,,,Mary Bronstein
137,0,"drama film, heist film, thriller film",,Q130569520,English cinema 2024 2025,en,The Mastermind,,0,,,2025-10-17,0,0,English,Released,,The Mastermind,0,0,,,Kelly Reichardt
138,0,documentary film,,Q131905847,English cinema 2024 2025,en,The Perfect Neighbor,,0,,,2025-10-17,0,0,English,Released,,The Perfect Neighbor,0,0,,,Geeta Gandbhir
139,0,,,Q138034085,English cinema 2024 2025,en,The Truth About Susie,,0,,,2025-10-17,0,0,English,Released,,The Truth About Susie,0,0,,,Ty Mabrey
140,0,"drama film, thriller film",,Q135916373,English cinema 2024 2025,en,The Wilderness,,0,,,2025-10-17,0,0,English,Released,,The Wilderness,0,0,,,
141,0,drama film,,Q130164694,English cinema 2024 2025,en,Familiar Touch,,0,,,2025-10-16,0,0,English,Released,,Familiar Touch,0,0,,,Sarah Friedland
142,0,"comedy drama, romantic comedy",,Q130240842,English cinema 2024 2025,en,Jane Austen Wrecked My Life,,0,,,2025-10-16,0,0,English,Released,,Jane Austen Wrecked My Life,0,0,,,Laura Piani
143,0,,,Q132296763,English cinema 2024 2025,en,Letters from Wolf Street,,0,,,2025-10-16,0,0,English,Released,,Letters from Wolf Street,0,0,,,Arjun Talwar
144,0,"children's film, short film",,Q138332897,English cinema 2024 2025,en,Q138332897,,0,,,2025-10-15,0,0,English,Released,,Q138332897,0,0,,,
145,0,"adventure film, fantasy film",,Q126008203,English cinema 2024 2025,en,Deathstalker,,0,,,2025-10-10,0,0,English,Released,,Deathstalker,0,0,,,Steven Kostanski
146,0,"biographical film, comedy drama",,Q135321335,English cinema 2024 2025,en,I Swear,,0,,,2025-10-10,0,0,English,Released,,I Swear,0,0,,,Kirk Jones
147,0,comedy drama,,Q132189965,English cinema 2024 2025,en,Is This Thing On?,,0,,,2025-10-10,0,0,English,Released,,Is This Thing On?,0,0,,,Bradley Cooper
148,0,documentary film,,Q135654160,English cinema 2024 2025,en,John Candy: I Like Me,,0,,,2025-10-10,0,0,English,Released,,John Candy: I Like Me,0,0,,,Colin Hanks
149,0,"drama film, musical film",,Q125078429,English cinema 2024 2025,en,Kiss of the Spider Woman,,0,,,2025-10-10,0,0,English,Released,,Kiss of the Spider Woman,0,0,,,Bill Condon
150,0,science fiction film,,Q120237363,English cinema 2024 2025,en,Q120237363,,0,,,2025-10-10,0,0,English,Released,,Q120237363,0,0,,,Joachim Rønning
151,0,"biographical film, drama film",,Q124098394,English cinema 2024 2025,en,Soul on Fire,,0,,,2025-10-10,0,0,English,Released,,Soul on Fire,0,0,,,Sean McNamara
152,0,documentary film,,Q131978291,English cinema 2024 2025,en,The Alabama Solution,,0,,,2025-10-10,0,0,English,Released,,The Alabama Solution,0,0,,,"Andrew Jarecki, Charlotte Kaufman"
153,0,psychological thriller film,,Q126119788,English cinema 2024 2025,en,The Woman in Cabin 10,,0,,,2025-10-10,0,0,English,Released,,The Woman in Cabin 10,0,0,,,Simon Stone
154,0,horror film,,Q124856152,English cinema 2024 2025,en,Vicious,,0,,,2025-10-10,0,0,English,Released,,Vicious,0,0,,,Bryan Bertino
155,0,romantic comedy,,Q136311778,English cinema 2024 2025,en,Maintenance Required,,0,,,2025-10-08,0,0,English,Released,,Maintenance Required,0,0,,,
156,0,documentary film,,Q132180034,English cinema 2024 2025,en,A Letter To David,,0,,,2025-10-07,0,0,English,Released,,A Letter To David,0,0,,,Tom Shoval
157,0,,,Q131278913,Hindi cinema 2024 2025,hi,Baaghi 4,,0,,,2025-10-07,0,0,Hindi,Released,,Baaghi 4,0,0,,,A Harsha
158,0,"Western film, drama film",,Q136108816,English cinema 2024 2025,en,Bad Men Must Bleed,,0,,,2025-10-07,0,0,English,Released,,Bad Men Must Bleed,0,0,,,
159,0,drama film,,Q130394023,English cinema 2024 2025,en,Anemone,,0,,,2025-10-03,0,0,English,Released,,Anemone,0,0,,,Ronan Day-Lewis
160,0,supernatural horror film,,Q133427678,English cinema 2024 2025,en,Good Boy,,0,,,2025-10-03,0,0,English,Released,,Good Boy,0,0,,,Q135902639
161,0,documentary film,,Q133852598,English cinema 2024 2025,en,Orwell: 2+2=5,,0,,,2025-10-03,0,0,English,Released,,Orwell: 2+2=5,0,0,,,Raoul Peck
162,0,documentary film,,Q135781160,English cinema 2024 2025,en,The Road Between Us: The Ultimate Rescue,,0,,,2025-10-03,0,0,English,Released,,The Road Between Us: The Ultimate Rescue,0,0,,,Barry Avrich
163,0,drama film,,Q132322745,English cinema 2024 2025,en,Urchin,,0,,,2025-10-03,0,0,English,Released,,Urchin,0,0,,,Harris Dickinson
164,0,historical film,,Q112054710,English cinema 2024 2025,en,1242: Gateway to the West,,0,,,2025-10-02,0,0,English,Released,,1242: Gateway to the West,0,0,,,Péter Soós
165,0,"action film, adventure film, drama film, epic film, science fiction film, speculative fiction film",,Q3604746,English cinema 2024 2025,en,Avatar: The Way of Water,,0,,,2025-10-02,0,0,English,Released,,Avatar: The Way of Water,0,0,,,James Cameron
166,0,,,Q131109042,English cinema 2024 2025,en,Dreams,,0,,,2025-10-02,0,0,English,Released,,Dreams,0,0,,,Michel Franco
167,0,documentary film,,Q110519439,English cinema 2024 2025,en,Exhibition on Screen: Frida Kahlo,,0,,,2025-10-02,0,0,English,Released,,Exhibition on Screen: Frida Kahlo,0,0,,,Ali Ray
168,0,,,Q128711557,English cinema 2024 2025,en,Momo,,0,,,2025-10-02,0,0,English,Released,,Momo,0,0,,,Christian Ditter
169,0,documentary film,,Q135678460,English cinema 2024 2025,en,Sharon & Ozzy Osbourne: Coming Home,,0,,,2025-10-02,0,0,English,Released,,Sharon & Ozzy Osbourne: Coming Home,0,0,,,
170,0,"body horror, horror film, science fiction film, supernatural horror film",,Q131870558,English cinema 2024 2025,en,Together,,0,,,2025-10-02,0,0,English,Released,,Together,0,0,,,Michael Shanks
171,0,"crime film, crime thriller film",,Q124353875,English cinema 2024 2025,en,Play Dirty,,0,,,2025-10-01,0,0,English,Released,,Play Dirty,0,0,,,Shane Black
172,0,"film based on a novel, romance film",,Q136807764,English cinema 2024 2025,en,Q136807764,,0,,,2025-10-01,0,0,English,Released,,Q136807764,0,0,,,Carlson Young
173,0,"animated film, children's film, short film",,Q138339358,English cinema 2024 2025,en,Q138339358,,0,,,2025-10-01,0,0,English,Released,,Q138339358,0,0,,,
174,0,pornographic film,,Q136557185,English cinema 2024 2025,en,Quiver Queen: Chanel Camryn 90's Theme Showcase,,0,,,2025-09-30,0,0,English,Released,,Quiver Queen: Chanel Camryn 90's Theme Showcase,0,0,,,
175,0,"black comedy film, psychological horror film, slapstick film",,Q135957624,English cinema 2024 2025,en,Sincerely Saul,,0,,,2025-09-29,0,0,English,Released,,Sincerely Saul,0,0,,,Ian Tripp
176,0,"action film, drama film, historical film",,Q110903821,English cinema 2024 2025,en,Desert Warrior,,0,,,2025-09-28,0,0,English,Released,,Desert Warrior,0,0,,,Rupert Wyatt
177,0,"action film, adventure film, science fiction film",,Q125843356,English cinema 2024 2025,en,"Good Luck, Have Fun, Don't Die",,0,,,2025-09-28,0,0,English,Released,,"Good Luck, Have Fun, Don't Die",0,0,,,Gore Verbinski
178,0,"drama film, romance film, science fiction film",,Q129099102,English cinema 2024 2025,en,All of You,,0,,,2025-09-26,0,0,English,Released,,All of You,0,0,,,William Bridges
179,0,"adventure film, family film, fantasy film, live-action/animated film, musical film, road movie, teen film",,Q126414863,English cinema 2024 2025,en,Gabby's Dollhouse: The Movie,,0,,,2025-09-26,0,0,English,Released,,Gabby's Dollhouse: The Movie,0,0,,,Ryan Crego
180,0,satire,,Q136653387,English cinema 2024 2025,en,Gingerrr,,0,,,2025-09-26,0,0,English,Released,,Gingerrr,0,0,,,Yemi Morafa
181,0,"action film, comedy film, crime film, drama film, thriller film",,Q117085614,English cinema 2024 2025,en,One Battle After Another,,0,,,2025-09-26,0,0,English,Released,,One Battle After Another,0,0,,,Paul Thomas Anderson
182,0,thriller film,,Q117742969,English cinema 2024 2025,en,Relay,,0,,,2025-09-26,0,0,English,Released,,Relay,0,0,,,David Mackenzie
183,0,romance film,,Q135924160,English cinema 2024 2025,en,Ruth & Boaz,,0,,,2025-09-26,0,0,English,Released,,Ruth & Boaz,0,0,,,
184,0,"horror film, slasher film",,Q122396990,English cinema 2024 2025,en,The Strangers: Chapter 2,,0,,,2025-09-26,0,0,English,Released,,The Strangers: Chapter 2,0,0,,,Renny Harlin
185,0,horror film,,Q136128750,English cinema 2024 2025,en,Cannibal Mukbang,,0,,,2025-09-25,0,0,English,Released,,Cannibal Mukbang,0,0,,,
186,0,documentary film,,Q135981299,English cinema 2024 2025,en,Home Is The Ocean,,0,,,2025-09-25,0,0,English,Released,,Home Is The Ocean,0,0,,,Livia Vonaesch
187,0,drama film,,Q135474677,English cinema 2024 2025,en,Lady Nazca,,0,,,2025-09-25,0,0,English,Released,,Lady Nazca,0,0,,,Damien Dorsaz
188,0,comedy horror film,,Q138018502,English cinema 2024 2025,en,Mimics,,0,,,2025-09-25,0,0,English,Released,,Mimics,0,0,,,Kristoffer Polaha
189,0,"comedy film, drama film",,Q131450483,English cinema 2024 2025,en,"Sorry, Baby",,0,,,2025-09-25,0,0,English,Released,,"Sorry, Baby",0,0,,,Eva Victor
190,0,,,Q136386270,English cinema 2024 2025,en,Stolen Girl,,0,,,2025-09-25,0,0,English,Released,,Stolen Girl,0,0,,,James Kent
191,0,documentary film,,Q133893367,English cinema 2024 2025,en,Put Your Soul on Your Hand and Walk,,0,,,2025-09-24,0,0,English,Released,,Put Your Soul on Your Hand and Walk,0,0,,,Sepideh Farsi
192,0,documentary film,,Q135523221,English cinema 2024 2025,en,Lilith Fair: Building a Mystery,,0,,,2025-09-21,0,0,English,Released,,Lilith Fair: Building a Mystery,0,0,,,Ally Pankiw
193,0,documentary film,,Q135981034,English cinema 2024 2025,en,Q135981034,,0,,,2025-09-21,0,0,English,Released,,Q135981034,0,0,,,Cosima Spender
194,0,,,Q131873061,English cinema 2024 2025,en,Bagman,,0,,,2025-09-20,0,0,English,Released,,Bagman,0,0,,,Colm McCarthy
195,0,"fantasy film, romance film",,Q124497778,English cinema 2024 2025,en,A Big Bold Beautiful Journey,,0,,,2025-09-19,0,0,English,Released,,A Big Bold Beautiful Journey,0,0,,,Kogonada
196,0,"comedy film, drama film",,Q125888131,English cinema 2024 2025,en,Adulthood,,0,,,2025-09-19,0,0,English,Released,,Adulthood,0,0,,,Alex Winter
197,0,"mystery film, thriller film",,Q131859890,English cinema 2024 2025,en,American Sweatshop,,0,,,2025-09-19,0,0,English,Released,,American Sweatshop,0,0,,,Uta Briesewitz
198,0,comedy film,,Q124847512,English cinema 2024 2025,en,Doin' It,,0,,,2025-09-19,0,0,English,Released,,Doin' It,0,0,,,Sara Zandieh
199,0,"horror film, sport film",,Q130410549,English cinema 2024 2025,en,Him,,0,,,2025-09-19,0,0,English,Released,,Him,0,0,,,Justin Tipping
200,0,documentary film,,Q135774072,English cinema 2024 2025,en,In Whose Name?,,0,,,2025-09-19,0,0,English,Released,,In Whose Name?,0,0,,,Nico Ballesteros
201,0,,,Q126013443,Hindi cinema 2024 2025,hi,Jolly LLB 3,,0,,,2025-09-19,0,0,Hindi,Released,,Jolly LLB 3,0,0,,,Subhash Kapoor
202,0,"action film, comedy film",,Q124652747,English cinema 2024 2025,en,London Calling,,0,,,2025-09-19,0,0,English,Released,,London Calling,0,0,,,Allan Ungar
203,0,"horror film, thriller film",,Q136339271,English cinema 2024 2025,en,Night Patrol,,0,,,2025-09-19,0,0,English,Released,,Night Patrol,0,0,,,
204,0,,,Q136388923,English cinema 2024 2025,en,Night of the Reaper,,0,,,2025-09-19,0,0,English,Released,,Night of the Reaper,0,0,,,
205,0,,,Q135537955,Hindi cinema 2024 2025,hi,Nishaanchi,,0,,,2025-09-19,0,0,Hindi,Released,,Nishaanchi,0,0,,,Anurag Kashyap
206,0,"LGBT-related film, drama film, romantic thriller",,Q125102928,English cinema 2024 2025,en,Plainclothes,,0,,,2025-09-19,0,0,English,Released,,Plainclothes,0,0,,,Carmen Emmi
207,0,drama film,,Q124608269,English cinema 2024 2025,en,Steve,,0,,,2025-09-19,0,0,English,Released,,Steve,0,0,,,Tim Mielants
208,0,"biographical film, drama film",,Q125966692,English cinema 2024 2025,en,Swiped,,0,,,2025-09-19,0,0,English,Released,,Swiped,0,0,,,Rachel Lee Goldenberg
209,0,"drama film, fantasy film, science fiction film",,Q123169098,English cinema 2024 2025,en,The Life of Chuck,,0,,,2025-09-19,0,0,English,Released,,The Life of Chuck,0,0,,,Mike Flanagan
210,0,"disaster film, drama film, survival film",,Q125153299,English cinema 2024 2025,en,The Lost Bus,,0,,,2025-09-19,0,0,English,Released,,The Lost Bus,0,0,,,Paul Greengrass
211,0,"drama film, sport film",,Q116055747,English cinema 2024 2025,en,The Senior,,0,,,2025-09-19,0,0,English,Released,,The Senior,0,0,,,Rod Lurie
212,0,"adventure film, science fiction film",,Q135108159,English cinema 2024 2025,en,Xeno,,0,,,2025-09-19,0,0,English,Released,,Xeno,0,0,,,
213,0,"action film, adventure film, fantasy film, science fiction film",,Q130267916,English cinema 2024 2025,en,Aztec Batman: Clash of Empires,,0,,,2025-09-18,0,0,English,Released,,Aztec Batman: Clash of Empires,0,0,,,Juan Jose Meza-Leon
214,0,documentary film,,Q135980439,English cinema 2024 2025,en,Q135980439,,0,,,2025-09-18,0,0,English,Released,,Q135980439,0,0,,,"Q135980797, Q135980819, Q135980836"
215,0,"comedy film, fantasy film",,Q130276120,English cinema 2024 2025,en,Sketch,,0,,,2025-09-18,0,0,English,Released,,Sketch,0,0,,,Seth Worley
216,0,"black comedy film, thriller film",,Q130492782,English cinema 2024 2025,en,Untitled Home Invasion Romance,,0,,,2025-09-18,0,0,English,Released,,Untitled Home Invasion Romance,0,0,,,Jason Biggs
217,0,documentary film,,Q136089456,English cinema 2024 2025,en,Degrassi: Whatever It Takes,,0,,,2025-09-13,0,0,English,Released,,Degrassi: Whatever It Takes,0,0,,,Lisa Rideout
218,0,action comedy film,,Q123420921,English cinema 2024 2025,en,Code 3,,0,,,2025-09-12,0,0,English,Released,,Code 3,0,0,,,Christopher Leone
219,0,,,Q135196789,Marathi cinema 2024 2025,mr,Dashavatar,,0,,,2025-09-12,0,0,Marathi,Released,,Dashavatar,0,0,,,Subodh Khanolkar
220,0,,,Q136160318,English cinema 2024 2025,en,Dear stranger,,0,,,2025-09-12,0,0,English,Released,,Dear stranger,0,0,,,Tetsuya Mariko
221,0,,,Q126164193,English cinema 2024 2025,en,Downton Abbey: The Grand Finale,,0,,,2025-09-12,0,0,English,Released,,Downton Abbey: The Grand Finale,0,0,,,Simon Curtis
222,0,"comedy film, road movie",,Q133540776,English cinema 2024 2025,en,Driver's Ed,,0,,,2025-09-12,0,0,English,Released,,Driver's Ed,0,0,,,Bobby Farrelly
223,0,drama film,,Q119975269,English cinema 2024 2025,en,Looking Through Water,,0,,,2025-09-12,0,0,English,Released,,Looking Through Water,0,0,,,Roberto Sneider
224,0,"drama film, romance film",,Q135943665,Hindi cinema 2024 2025,hi,Love in Vietnam,,0,,,2025-09-12,0,0,Hindi,Released,,Love in Vietnam,0,0,,,
225,0,"comedy film, mockumentary",,Q121088318,English cinema 2024 2025,en,Spinal Tap II: The End Continues,,0,,,2025-09-12,0,0,English,Released,,Spinal Tap II: The End Continues,0,0,,,Rob Reiner
226,0,"LGBT-related film, drama film, historical film, music-themed film, romance film",,Q118765520,English cinema 2024 2025,en,The History of Sound,,0,,,2025-09-12,0,0,English,Released,,The History of Sound,0,0,,,Oliver Hermanus
227,0,thriller film,,Q124528247,English cinema 2024 2025,en,The Man In My Basement,,0,,,2025-09-12,0,0,English,Released,,The Man In My Basement,0,0,,,Nadia Latif
228,0,romantic comedy film,,Q131956863,English cinema 2024 2025,en,The Wrong Paris,,0,,,2025-09-12,0,0,English,Released,,The Wrong Paris,0,0,,,Janeen Damian
229,0,horror film,,Q135488873,English cinema 2024 2025,en,Traumatika,,0,,,2025-09-12,0,0,English,Released,,Traumatika,0,0,,,
230,0,"biographical film, drama film, historical film",,Q136484008,English cinema 2024 2025,en,Triumph of the Heart,,0,,,2025-09-12,0,0,English,Released,,Triumph of the Heart,0,0,,,Anthony D'Ambrosio
231,0,,,Q126198726,English cinema 2024 2025,en,What We Dreamed of Then,,0,,,2025-09-12,0,0,English,Released,,What We Dreamed of Then,0,0,,,Taylor Olson
232,0,post-apocalyptic film,,Q124814444,English cinema 2024 2025,en,Afterburn,,0,,,2025-09-11,0,0,English,Released,,Afterburn,0,0,,,J. J. Perry
233,0,"horror film, natural horror film, survival film, thriller film",,Q133885811,English cinema 2024 2025,en,Dangerous Animals,,0,,,2025-09-11,0,0,English,Released,,Dangerous Animals,0,0,,,Sean Byrne
234,0,drama film,,Q126290878,English cinema 2024 2025,en,Easy's Waltz,,0,,,2025-09-11,0,0,English,Released,,Easy's Waltz,0,0,,,Nic Pizzolatto
235,0,"comedy horror film, exploitation film",,Q136352638,English cinema 2024 2025,en,Fuck My Son!,,0,,,2025-09-11,0,0,English,Released,,Fuck My Son!,0,0,,,Todd Rohal
236,0,drama film,,Q130549234,English cinema 2024 2025,en,Glenrothan,,0,,,2025-09-11,0,0,English,Released,,Glenrothan,0,0,,,Brian Cox
237,0,documentary film,,Q130255696,English cinema 2024 2025,en,Nam June Paik: Moon Is the Oldest TV,,0,,,2025-09-11,0,0,English,Released,,Nam June Paik: Moon Is the Oldest TV,0,0,,,Q135335800
238,0,,,Q134608416,English cinema 2024 2025,en,Next to Normal,,0,,,2025-09-11,0,0,English,Released,,Next to Normal,0,0,,,
239,0,"comedy drama, pornographic film",,Q136913565,English cinema 2024 2025,en,Once Upon a Time in the Valley,,0,,,2025-09-10,0,0,English,Released,,Once Upon a Time in the Valley,0,0,,,Seth Gamble
240,0,"epic film, romance film",,Q123822933,English cinema 2024 2025,en,Eternal Return,,0,,,2025-09-08,0,0,English,Released,,Eternal Return,0,0,,,Yaniv Raz
241,0,thriller film,,Q131612507,English cinema 2024 2025,en,Retreat,,0,,,2025-09-08,0,0,English,Released,,Retreat,0,0,,,
242,0,drama film,,Q134571223,English cinema 2024 2025,en,& Sons,,0,,,2025-09-07,0,0,English,Released,,& Sons,0,0,,,Pablo Trapero
243,0,"comedy film, thriller film",,Q125029885,English cinema 2024 2025,en,Bad Apples,,0,,,2025-09-07,0,0,English,Released,,Bad Apples,0,0,,,
244,0,drama film,,Q131414380,English cinema 2024 2025,en,Couture,,0,,,2025-09-07,0,0,English,Released,,Couture,0,0,,,Alice Winocour
245,0,drama film,,Q135436957,English cinema 2024 2025,en,Meadowlarks,,0,,,2025-09-07,0,0,English,Released,,Meadowlarks,0,0,,,Tasha Hubbard
246,0,crime thriller film,,Q135454890,English cinema 2024 2025,en,Nika and Madison,,0,,,2025-09-07,0,0,English,Released,,Nika and Madison,0,0,,,Eva Thomas
247,0,crime film,,Q130907516,English cinema 2024 2025,en,Normal,,0,,,2025-09-07,0,0,English,Released,,Normal,0,0,,,Ben Wheatley
248,0,black comedy film,,Q132646719,English cinema 2024 2025,en,The Christophers,,0,,,2025-09-07,0,0,English,Released,,The Christophers,0,0,,,Steven Soderbergh
249,0,"horror film, thriller film",,Q116608699,English cinema 2024 2025,en,Bambi: The Reckoning,,0,,,2025-09-06,0,0,English,Released,,Bambi: The Reckoning,0,0,,,Dan Allen
250,0,,,Q135678446,Hindi cinema 2024 2025,hi,Bandar,,0,,,2025-09-06,0,0,Hindi,Released,,Bandar,0,0,,,Anurag Kashyap
251,0,,,Q135678446,English cinema 2024 2025,en,Bandar,,0,,,2025-09-06,0,0,English,Released,,Bandar,0,0,,,Anurag Kashyap
252,0,,,Q135678446,Marathi cinema 2024 2025,mr,Bandar,,0,,,2025-09-06,0,0,Marathi,Released,,Bandar,0,0,,,Anurag Kashyap
253,0,"biographical film, musical film",,Q130907514,English cinema 2024 2025,en,California Schemin',,0,,,2025-09-06,0,0,English,Released,,California Schemin',0,0,,,James McAvoy
254,0,documentary film,,Q135853698,English cinema 2024 2025,en,EPiC: Elvis Presley in Concert,,0,,,2025-09-06,0,0,English,Released,,EPiC: Elvis Presley in Concert,0,0,,,Baz Luhrmann
255,0,comedy film,,Q131456653,English cinema 2024 2025,en,Poetic License,,0,,,2025-09-06,0,0,English,Released,,Poetic License,0,0,,,Maude Apatow
256,0,"action film, adventure film, comedy film",,Q125757803,English cinema 2024 2025,en,Sacrifice,,0,,,2025-09-06,0,0,English,Released,,Sacrifice,0,0,,,Romain Gavras
257,0,action film,,Q125948183,English cinema 2024 2025,en,The Furious,,0,,,2025-09-06,0,0,English,Released,,The Furious,0,0,,,Kenji Tanigaki
258,0,,,Q130979735,English cinema 2024 2025,en,Wasteman,,0,,,2025-09-06,0,0,English,Released,,Wasteman,0,0,,,
259,0,thriller film,,Q124382485,English cinema 2024 2025,en,Winter of the Crow,,0,,,2025-09-06,0,0,English,Released,,Winter of the Crow,0,0,,,Katarzyna Adamik
260,0,documentary film,,Q136198383,English cinema 2024 2025,en,You Had to Be There,,0,,,2025-09-06,0,0,English,Released,,You Had to Be There,0,0,,,Nick Davis
261,0,drama film,,Q135649601,English cinema 2024 2025,en,Youngblood,,0,,,2025-09-06,0,0,English,Released,,Youngblood,0,0,,,Hubert Davis
262,0,"action comedy film, crime comedy film",,Q125256466,English cinema 2024 2025,en,Bad Man,,0,,,2025-09-05,0,0,English,Released,,Bad Man,0,0,,,
263,0,"crime film, romance film",,Q130284176,English cinema 2024 2025,en,Carolina Caroline,,0,,,2025-09-05,0,0,English,Released,,Carolina Caroline,0,0,,,Q131597010
264,0,drama film,,Q135678442,English cinema 2024 2025,en,Dinner with Friends,,0,,,2025-09-05,0,0,English,Released,,Dinner with Friends,0,0,,,Sasha Leigh Henry
265,0,"heist film, thriller film",,Q127324468,English cinema 2024 2025,en,Fuze,,0,,,2025-09-05,0,0,English,Released,,Fuze,0,0,,,David Mackenzie
266,0,thriller film,,Q130744998,English cinema 2024 2025,en,Good Boy,,0,,,2025-09-05,0,0,English,Released,,Good Boy,0,0,,,Jan Komasa
267,0,"crime film, neo-noir, thriller film",,Q124512337,English cinema 2024 2025,en,Highest 2 Lowest,,0,,,2025-09-05,0,0,English,Released,,Highest 2 Lowest,0,0,,,Spike Lee
268,0,,,Q131523056,English cinema 2024 2025,en,Köln 75,,0,,,2025-09-05,0,0,English,Released,,Köln 75,0,0,,,Ido Fluk
269,0,"crime film, drama film",,Q135454891,English cinema 2024 2025,en,Little Lorraine,,0,,,2025-09-05,0,0,English,Released,,Little Lorraine,0,0,,,Andy Hines
270,0,documentary film,,Q136108831,English cinema 2024 2025,en,Modern Whore,,0,,,2025-09-05,0,0,English,Released,,Modern Whore,0,0,,,Nicole Bazuin
271,0,gothic horror film,,Q131613343,English cinema 2024 2025,en,Mārama,,0,,,2025-09-05,0,0,English,Released,,Mārama,0,0,,,
272,0,horror film,,Q136163067,English cinema 2024 2025,en,Obsession,,0,,,2025-09-05,0,0,English,Released,,Obsession,0,0,,,
273,0,historical drama film,,Q132853314,English cinema 2024 2025,en,Palestine 36,,0,,,2025-09-05,0,0,English,Released,,Palestine 36,0,0,,,Annemarie Jacir
274,0,drama film,,Q135404716,English cinema 2024 2025,en,Preparation for the Next Life,,0,,,2025-09-05,0,0,English,Released,,Preparation for the Next Life,0,0,,,Bing Liu
275,0,psychological thriller,,Q135400430,English cinema 2024 2025,en,Steal Away,,0,,,2025-09-05,0,0,English,Released,,Steal Away,0,0,,,Clement Virgo
276,0,comedy film,,Q133041175,English cinema 2024 2025,en,The Baltimorons,,0,,,2025-09-05,0,0,English,Released,,The Baltimorons,0,0,,,Jay Duplass
277,0,historical film,,Q133815568,Hindi cinema 2024 2025,hi,The Bengal Files,,0,,,2025-09-05,0,0,Hindi,Released,,The Bengal Files,0,0,,,Ajay Devgn
278,0,"horror film, supernatural horror film",,Q114802043,English cinema 2024 2025,en,The Conjuring: Last Rites,,0,,,2025-09-05,0,0,English,Released,,The Conjuring: Last Rites,0,0,,,Michael Chaves
279,0,"psychological thriller, sports drama",,Q128774983,English cinema 2024 2025,en,The Cut,,0,,,2025-09-05,0,0,English,Released,,The Cut,0,0,,,Sean Ellis
280,0,romantic comedy film,,Q124630194,English cinema 2024 2025,en,The Threesome,,0,,,2025-09-05,0,0,English,Released,,The Threesome,0,0,,,Chad Hartigan
281,0,"comedy film, drama film",,Q129978691,English cinema 2024 2025,en,Twinless,,0,,,2025-09-05,0,0,English,Released,,Twinless,0,0,,,James Sweeney
282,0,romance film,,Q136190269,English cinema 2024 2025,en,Charlie Harper,,0,,,2025-09-04,0,0,English,Released,,Charlie Harper,0,0,,,
283,0,LGBT-related film,,Q135668441,English cinema 2024 2025,en,Erupcja,,0,,,2025-09-04,0,0,English,Released,,Erupcja,0,0,,,Pete Ohs
284,0,romantic comedy film,,Q125726790,English cinema 2024 2025,en,Materialists,,0,,,2025-09-04,0,0,English,Released,,Materialists,0,0,,,Celine Song
285,0,romantic comedy film,,Q135094934,English cinema 2024 2025,en,Mile End Kicks,,0,,,2025-09-04,0,0,English,Released,,Mile End Kicks,0,0,,,Q65619767
286,0,"LGBT-related film, drama film, fantasy film, film based on a novel",,Q188384,English cinema 2024 2025,en,Orlando,,0,,,2025-09-04,0,0,English,Released,,Orlando,0,0,,,Sally Potter
287,0,,,Q128787400,English cinema 2024 2025,en,Saipan,,0,,,2025-09-04,0,0,English,Released,,Saipan,0,0,,,
288,0,comedy film,,Q131004938,English cinema 2024 2025,en,Splitsville,,0,,,2025-09-04,0,0,English,Released,,Splitsville,0,0,,,Michael Angelo Covino
289,0,drama film,,Q123113807,English cinema 2024 2025,en,In the Hand of Dante,,0,,,2025-09-03,0,0,English,Released,,In the Hand of Dante,0,0,,,Julian Schnabel
290,0,drama film,,Q135038882,English cinema 2024 2025,en,The Voice of Hind Rajab,,0,,,2025-09-03,0,0,English,Released,,The Voice of Hind Rajab,0,0,,,Kaouther Ben Hania
291,0,"crime film, drama film, historical film",,Q131760057,English cinema 2024 2025,en,Dead Man's Wire,,0,,,2025-09-02,0,0,English,Released,,Dead Man's Wire,0,0,,,Gus Van Sant
292,0,documentary film,,Q136352633,English cinema 2024 2025,en,Kim Novak's Vertigo,,0,,,2025-09-02,0,0,English,Released,,Kim Novak's Vertigo,0,0,,,Alexandre O. Philippe
293,0,,,Q126086661,English cinema 2024 2025,en,Ballistic,,0,,,2025-09-01,0,0,English,Released,,Ballistic,0,0,,,Chad Faust
294,0,horror film,,Q130646750,English cinema 2024 2025,en,Eugene the Marine,,0,,,2025-09-01,0,0,English,Released,,Eugene the Marine,0,0,,,Hank Bedford
295,0,horror film,,Q133857446,English cinema 2024 2025,en,Primate,,0,,,2025-09-01,0,0,English,Released,,Primate,0,0,,,Johannes Roberts
296,0,comedy film,,Q135436960,English cinema 2024 2025,en,Straight Circle,,0,,,2025-09-01,0,0,English,Released,,Straight Circle,0,0,,,
297,0,musical film,,Q131441164,English cinema 2024 2025,en,The Testament of Ann Lee,,0,,,2025-09-01,0,0,English,Released,,The Testament of Ann Lee,0,0,,,Mona Fastvold
298,0,"folk horror film, horror film",,Q126285101,English cinema 2024 2025,en,Whistle,,0,,,2025-09-01,0,0,English,Released,,Whistle,0,0,,,Corin Hardy
299,0,coming-of-age film,,Q136238988,English cinema 2024 2025,en,A Year of School,,0,,,2025-08-31,0,0,English,Released,,A Year of School,0,0,,,Laura Samani
300,0,documentary film,,Q136121341,English cinema 2024 2025,en,Broken English,,0,,,2025-08-30,0,0,English,Released,,Broken English,0,0,,,"Iain Forsyth, Jane Pollard"
301,0,drama film,,Q123403594,English cinema 2024 2025,en,Hamlet,,0,,,2025-08-30,0,0,English,Released,,Hamlet,0,0,,,Aneil Karia
302,0,drama film,,Q125808089,English cinema 2024 2025,en,Late Fame,,0,,,2025-08-30,0,0,English,Released,,Late Fame,0,0,,,Kent Jones
303,0,"action film, thriller film",,Q118146294,English cinema 2024 2025,en,Motor City,,0,,,2025-08-30,0,0,English,Released,,Motor City,0,0,,,Potsy Ponciroli
304,0,"drama film, science fiction film",,Q132645632,English cinema 2024 2025,en,Rose of Nevada,,0,,,2025-08-30,0,0,English,Released,,Rose of Nevada,0,0,,,Mark Jenkin
305,0,thriller film,,Q130660452,English cinema 2024 2025,en,Tuner,,0,,,2025-08-30,0,0,English,Released,,Tuner,0,0,,,Daniel Roher
306,0,drama film,,Q116954167,English cinema 2024 2025,en,A Little Prayer,,0,,,2025-08-29,0,0,English,Released,,A Little Prayer,0,0,,,Angus MacLachlan
307,0,"crime film, drama film, thriller film",,Q127382372,English cinema 2024 2025,en,After the Hunt,,0,,,2025-08-29,0,0,English,Released,,After the Hunt,0,0,,,Luca Guadagnino
308,0,"crime film, crime thriller film",,Q130248726,English cinema 2024 2025,en,Caught Stealing,,0,,,2025-08-29,0,0,English,Released,,Caught Stealing,0,0,,,Darren Aronofsky
309,0,drama film,,Q130979737,English cinema 2024 2025,en,H Is for Hawk,,0,,,2025-08-29,0,0,English,Released,,H Is for Hawk,0,0,,,Philippa Lowthorpe
310,0,drama film,,Q131428647,English cinema 2024 2025,en,"Love, Brooklyn",,0,,,2025-08-29,0,0,English,Released,,"Love, Brooklyn",0,0,,,
311,0,romantic comedy,,Q134378758,Hindi cinema 2024 2025,hi,Param Sundari,,0,,,2025-08-29,0,0,Hindi,Released,,Param Sundari,0,0,,,
312,0,"drama film, pornographic film",,Q137805209,English cinema 2024 2025,en,Q137805209,,0,,,2025-08-29,0,0,English,Released,,Q137805209,0,0,,,"Bree Mills, Mike Quasar"
313,0,"action film, adventure film, sword and sorcery",,Q113638950,English cinema 2024 2025,en,Red Sonja,,0,,,2025-08-29,0,0,English,Released,,Red Sonja,0,0,,,M. J. Bassett
314,0,,,Q118904000,Hindi cinema 2024 2025,hi,Songs of Paradise,,0,,,2025-08-29,0,0,Hindi,Released,,Songs of Paradise,0,0,,,Danish Renzu
315,0,"black comedy film, drama film",,Q126810973,English cinema 2024 2025,en,The Roses,,0,,,2025-08-29,0,0,English,Released,,The Roses,0,0,,,Jay Roach
316,0,"comedy horror, science fiction film, splatter film, superhero film",,Q107404778,English cinema 2024 2025,en,The Toxic Avenger,,0,,,2025-08-29,0,0,English,Released,,The Toxic Avenger,0,0,,,Macon Blair
317,0,"crime film, documentary film",,Q136036338,English cinema 2024 2025,en,Unknown Number: The High School Catfish,,0,,,2025-08-29,0,0,English,Released,,Unknown Number: The High School Catfish,0,0,,,Skye Borgman
318,0,"black comedy film, comedy drama, fantasy film",,Q134285377,English cinema 2024 2025,en,A Useful Ghost,,0,,,2025-08-28,0,0,English,Released,,A Useful Ghost,0,0,,,Ratchapoom Boonbunchachoke
319,0,action comedy film,,Q124289803,English cinema 2024 2025,en,Bride Hard,,0,,,2025-08-28,0,0,English,Released,,Bride Hard,0,0,,,Simon West
320,0,documentary,,Q135992950,English cinema 2024 2025,en,Python: The Documentary,,0,,,2025-08-28,0,0,English,Released,,Python: The Documentary,0,0,,,
321,0,"comedy film, crime film, mystery film, thriller film",,Q125622191,English cinema 2024 2025,en,The Thursday Murder Club,,0,,,2025-08-28,0,0,English,Released,,The Thursday Murder Club,0,0,,,Chris Columbus
322,0,adventure film,,Q135853696,English cinema 2024 2025,en,Lego Disney Princess: Villains Unite,,0,,,2025-08-25,0,0,English,Released,,Lego Disney Princess: Villains Unite,0,0,,,
323,0,horror film,,Q138276050,English cinema 2024 2025,en,No-See-Ums,,0,,,2025-08-23,0,0,English,Released,,No-See-Ums,0,0,,,
324,0,"heist film, thriller film",,Q130123022,English cinema 2024 2025,en,Eenie Meanie,,0,,,2025-08-22,0,0,English,Released,,Eenie Meanie,0,0,,,
325,0,"comedy film, detective film, lesbian-related film, neo-noir",,Q124352605,English cinema 2024 2025,en,Honey Don't!,,0,,,2025-08-22,0,0,English,Released,,Honey Don't!,0,0,,,Ethan Coen
326,0,"drama film, thriller film",,Q131428108,English cinema 2024 2025,en,Lurker,,0,,,2025-08-22,0,0,English,Released,,Lurker,0,0,,,Q137341199
327,0,"action film, adventure film, horror film, science fiction film, thriller film, war film",,Q135472084,English cinema 2024 2025,en,Primitive War,,0,,,2025-08-22,0,0,English,Released,,Primitive War,0,0,,,Luke Sparke
328,0,drama film,,Q132818608,English cinema 2024 2025,en,Q132818608,,0,,,2025-08-22,0,0,English,Released,,Q132818608,0,0,,,Baker Karim
329,0,"psychological thriller, thriller film",,Q134700472,English cinema 2024 2025,en,Trust,,0,,,2025-08-22,0,0,English,Released,,Trust,0,0,,,Carlson Young
330,0,drama film,,Q124260477,English cinema 2024 2025,en,We Strangers,,0,,,2025-08-22,0,0,English,Released,,We Strangers,0,0,,,Anu Valia
331,0,"horror film, supernatural horror film, thriller film",,Q127602379,English cinema 2024 2025,en,Bring Her Back,,0,,,2025-08-21,0,0,English,Released,,Bring Her Back,0,0,,,"Danny Philippou, Michael Philippou"
332,0,"action film, black comedy film, thriller film",,Q126682448,English cinema 2024 2025,en,Nobody 2,,0,,,2025-08-21,0,0,English,Released,,Nobody 2,0,0,,,Timo Tjahjanto
333,0,"drama film, horror film, supernatural film, thriller film",,Q125578090,English cinema 2024 2025,en,The Ritual,,0,,,2025-08-21,0,0,English,Released,,The Ritual,0,0,,,David Midell
334,0,horror film,,Q131548051,English cinema 2024 2025,en,Hell House LLC: Lineage,,0,,,2025-08-20,0,0,English,Released,,Hell House LLC: Lineage,0,0,,,Stephen Cognetti
335,0,romance film,,Q131760056,English cinema 2024 2025,en,The Map That Leads to You,,0,,,2025-08-20,0,0,English,Released,,The Map That Leads to You,0,0,,,Lasse Hallström
336,0,crime film,,Q117049250,English cinema 2024 2025,en,Americana,,0,,,2025-08-15,0,0,English,Released,,Americana,0,0,,,Tony Tost
337,0,"science fiction film, thriller film",,Q131860090,English cinema 2024 2025,en,Descendent,,0,,,2025-08-15,0,0,English,Released,,Descendent,0,0,,,Peter Cilella
338,0,"docufiction, drama film",,Q131963509,English cinema 2024 2025,en,East of Wall,,0,,,2025-08-15,0,0,English,Released,,East of Wall,0,0,,,Kate Beecroft
339,0,"crime film, drama film, thriller film",,Q126077186,English cinema 2024 2025,en,Night Always Comes,,0,,,2025-08-15,0,0,English,Released,,Night Always Comes,0,0,,,Benjamin Caron
340,0,psychological drama film,,Q126326956,English cinema 2024 2025,en,The Knife,,0,,,2025-08-15,0,0,English,Released,,The Knife,0,0,,,Nnamdi Asomugha
341,0,action comedy film,,Q135336613,English cinema 2024 2025,en,Under Fire,,0,,,2025-08-15,0,0,English,Released,,Under Fire,0,0,,,Steven C. Miller
342,0,"horror film, supernatural horror film",,Q120828163,English cinema 2024 2025,en,Witchboard,,0,,,2025-08-15,0,0,English,Released,,Witchboard,0,0,,,Chuck Russell
343,0,"action film, romance film, science fiction film",,Q135193259,English cinema 2024 2025,en,Bulk,,0,,,2025-08-14,0,0,English,Released,,Bulk,0,0,,,Ben Wheatley
344,0,,,Q135667932,English cinema 2024 2025,en,Keep Quiet,,0,,,2025-08-14,0,0,English,Released,,Keep Quiet,0,0,,,
345,0,drama film,,Q127850158,English cinema 2024 2025,en,Mr. K,,0,,,2025-08-14,0,0,English,Released,,Mr. K,0,0,,,Tallulah Hazekamp Schwab
346,0,action comedy film,,Q125908027,English cinema 2024 2025,en,Q125908027,,0,,,2025-08-14,0,0,English,Released,,Q125908027,0,0,,,Akiva Schaffer
347,0,documentary film,,Q135189660,English cinema 2024 2025,en,The Grateful Dead Movie 2025 Meet-Up,,0,,,2025-08-14,0,0,English,Released,,The Grateful Dead Movie 2025 Meet-Up,0,0,,,"Jerry Garcia, Leon Gast"
348,0,drama film,,Q129918307,English cinema 2024 2025,en,Under the Volcano,,0,,,2025-08-14,0,0,English,Released,,Under the Volcano,0,0,,,Damian Kocur
349,0,action thriller,,Q124852530,Hindi cinema 2024 2025,hi,War 2,,0,,,2025-08-14,0,0,Hindi,Released,,War 2,0,0,,,Ayan Mukerji
350,0,,,Q135454895,English cinema 2024 2025,en,Sorella Di Clausura,,0,,,2025-08-13,0,0,English,Released,,Sorella Di Clausura,0,0,,,Ivana Mladenović
351,0,"action film, adventure film, horror film, science fiction film, thriller film",,Q135458343,English cinema 2024 2025,en,War of the Worlds,,0,,,2025-08-13,0,0,English,Released,,War of the Worlds,0,0,,,Rich Lee
352,0,"crime film, horror film",,Q137769705,English cinema 2024 2025,en,No Tears in Hell,,0,,,2025-08-12,0,0,English,Released,,No Tears in Hell,0,0,,,Michael Caissie
353,0,"drama film, science fiction film",,Q135435331,English cinema 2024 2025,en,Don't Let the Sun,,0,,,2025-08-09,0,0,English,Released,,Don't Let the Sun,0,0,,,
354,0,drama film,,Q135272584,English cinema 2024 2025,en,Mare's Nest,,0,,,2025-08-09,0,0,English,Released,,Mare's Nest,0,0,,,Ben Rivers
355,0,romantic comedy film,,Q133833405,English cinema 2024 2025,en,The Roaring Game,,0,,,2025-08-09,0,0,English,Released,,The Roaring Game,0,0,,,
356,0,comedy film,,Q135230931,English cinema 2024 2025,en,Boys Go to Jupiter,,0,,,2025-08-08,0,0,English,Released,,Boys Go to Jupiter,0,0,,,
357,0,"comedy film, fantasy film",,Q126897811,English cinema 2024 2025,en,Freakier Friday,,0,,,2025-08-08,0,0,English,Released,,Freakier Friday,0,0,,,Nisha Ganatra
358,0,"drama film, lesbian-related film",,Q115517901,English cinema 2024 2025,en,My Mother's Wedding,,0,,,2025-08-08,0,0,English,Released,,My Mother's Wedding,0,0,,,Kristin Scott Thomas
359,0,"drama film, horror film, mystery film, thriller film",,Q126487478,English cinema 2024 2025,en,Weapons,,0,,,2025-08-08,0,0,English,Released,,Weapons,0,0,,,Zach Cregger
360,0,drama film,,Q130322166,English cinema 2024 2025,en,The Birthday Party,,0,,,2025-08-07,0,0,English,Released,,The Birthday Party,0,0,,,Miguel Ángel Jiménez
361,0,"action comedy film, heist film",,Q125578089,English cinema 2024 2025,en,The Pickup,,0,,,2025-08-06,0,0,English,Released,,The Pickup,0,0,,,Tim Story
362,0,drama film,,Q138265729,English cinema 2024 2025,en,Spine Scam,,0,,,2025-08-04,0,0,English,Released,,Spine Scam,0,0,,,Jeff Deverett
363,0,biographical film,,Q133571443,Hindi cinema 2024 2025,hi,Ajey: The Untold Story of a Yogi,,0,,,2025-08-01,0,0,Hindi,Released,,Ajey: The Untold Story of a Yogi,0,0,,,Ravindra Gautam
364,0,documentary film,,Q124339152,English cinema 2024 2025,en,Architecton,,0,,,2025-08-01,0,0,English,Released,,Architecton,0,0,,,Victor Kossakovsky
365,0,action film,,Q135854941,English cinema 2024 2025,en,Hakeem (Seeking Justice),,0,,,2025-08-01,0,0,English,Released,,Hakeem (Seeking Justice),0,0,,,JJC
366,0,"romance film, romantic comedy",,Q130383564,English cinema 2024 2025,en,My Oxford Year,,0,,,2025-08-01,0,0,English,Released,,My Oxford Year,0,0,,,Iain Morris
367,0,crime film,,Q124464617,English cinema 2024 2025,en,She Rides Shotgun,,0,,,2025-08-01,0,0,English,Released,,She Rides Shotgun,0,0,,,Nick Rowland
368,0,,,Q130460117,Hindi cinema 2024 2025,hi,Son of Sardaar 2,,0,,,2025-08-01,0,0,Hindi,Released,,Son of Sardaar 2,0,0,,,Vijay Kumar Arora
369,0,action comedy film,,Q135222904,English cinema 2024 2025,en,Trouble Man,,0,,,2025-08-01,0,0,English,Released,,Trouble Man,0,0,,,Michael Jai White
370,0,"drama film, music-themed film",,Q135000189,English cinema 2024 2025,en,Rave On,,0,,,2025-07-31,0,0,English,Released,,Rave On,0,0,,,"Nikias Chryssos, Viktor Jakovleski"
371,0,documentary film,,Q135180432,English cinema 2024 2025,en,Bts Army: Forever We Are Young,,0,,,2025-07-30,0,0,English,Released,,Bts Army: Forever We Are Young,0,0,,,"Grace Lee, Q135180464"
372,0,"drama film, thriller film",,Q131310287,English cinema 2024 2025,en,Locust,,0,,,2025-07-30,0,0,English,Released,,Locust,0,0,,,Q135526317
373,0,"comedy film, horror film",,Q135488872,English cinema 2024 2025,en,Buffet Infinity,,0,,,2025-07-28,0,0,English,Released,,Buffet Infinity,0,0,,,
374,0,horror film,,Q135668448,English cinema 2024 2025,en,undertone,,0,,,2025-07-27,0,0,English,Released,,undertone,0,0,,,Ian Tuason
375,0,"horror film, thriller film",,Q135226835,English cinema 2024 2025,en,Influencers,,0,,,2025-07-26,0,0,English,Released,,Influencers,0,0,,,Kurtis David Harder
376,0,"comedy film, sport film",,Q130269576,English cinema 2024 2025,en,Happy Gilmore 2,,0,,,2025-07-25,0,0,English,Released,,Happy Gilmore 2,0,0,,,Kyle Newacheck
377,0,,,Q135319573,Hindi cinema 2024 2025,hi,Mahavatar Narsimha,,0,,,2025-07-25,0,0,Hindi,Released,,Mahavatar Narsimha,0,0,,,
378,0,"action film, science fiction film",,Q124625067,English cinema 2024 2025,en,Osiris,,0,,,2025-07-25,0,0,English,Released,,Osiris,0,0,,,William Kaufman
379,0,action thriller,,Q135443295,Hindi cinema 2024 2025,hi,Sarzameen,,0,,,2025-07-25,0,0,Hindi,Released,,Sarzameen,0,0,,,Kayoze Irani
380,0,"action film, adventure film, science fiction film",,Q105105219,English cinema 2024 2025,en,The Fantastic Four: First Steps,,0,,,2025-07-25,0,0,English,Released,,The Fantastic Four: First Steps,0,0,,,Matt Shakman
381,0,"horror film, thriller film",,Q123050485,English cinema 2024 2025,en,The Home,,0,,,2025-07-25,0,0,English,Released,,The Home,0,0,,,James DeMonaco
382,0,science fiction film,,Q133281186,English cinema 2024 2025,en,Ick,,0,,,2025-07-24,0,0,English,Released,,Ick,0,0,,,Joseph Kahn
383,0,horror film,,Q137856608,English cinema 2024 2025,en,Mother of Flies,,0,,,2025-07-24,0,0,English,Released,,Mother of Flies,0,0,,,
384,0,"action film, crime film, thriller film",,Q136566647,English cinema 2024 2025,en,Sin,,0,,,2025-07-24,0,0,English,Released,,Sin,0,0,,,
385,0,drama film,,Q135183331,English cinema 2024 2025,en,Unforgivable,,0,,,2025-07-24,0,0,English,Released,,Unforgivable,0,0,,,Julia Ford
386,0,"horror film, supernatural film, thriller film",,Q124852795,English cinema 2024 2025,en,Oddity,,0,,,2025-07-20,0,0,English,Released,,Oddity,0,0,,,Damian Mc Carthy
387,0,"comedy film, mystery film, thriller film",,Q119819384,English cinema 2024 2025,en,Atrabilious,,0,,,2025-07-18,0,0,English,Released,,Atrabilious,0,0,,,William Atticus Parker
388,0,thriller film,,Q133852596,English cinema 2024 2025,en,Find Your Friends,,0,,,2025-07-18,0,0,English,Released,,Find Your Friends,0,0,,,
389,0,"crime film, thriller film",,Q127384884,English cinema 2024 2025,en,Guns & Moses,,0,,,2025-07-18,0,0,English,Released,,Guns & Moses,0,0,,,Salvador Litvak
390,0,slasher film,,Q130368011,English cinema 2024 2025,en,I Know What You Did Last Summer,,0,,,2025-07-18,0,0,English,Released,,I Know What You Did Last Summer,0,0,,,Jennifer Kaytin Robinson
391,0,thriller film,,Q123125161,English cinema 2024 2025,en,Saint Clare,,0,,,2025-07-18,0,0,English,Released,,Saint Clare,0,0,,,
392,0,"musical film, romantic drama film",,Q135393743,Hindi cinema 2024 2025,hi,Saiyaara,,0,,,2025-07-18,0,0,Hindi,Released,,Saiyaara,0,0,,,Mohit Suri
393,0,biographical film,,Q131730019,English cinema 2024 2025,en,Leonora in the Morning Light,,0,,,2025-07-17,0,0,English,Released,,Leonora in the Morning Light,0,0,,,"Q95714323, Thorsten Klein"
394,0,,,Q133809678,Hindi cinema 2024 2025,hi,Maalik,,0,,,2025-07-11,0,0,Hindi,Released,,Maalik,0,0,,,
395,0,comedy film,,Q124397410,English cinema 2024 2025,en,Madea's Destination Wedding,,0,,,2025-07-11,0,0,English,Released,,Madea's Destination Wedding,0,0,,,Tyler Perry
396,0,horror film,,Q135209236,English cinema 2024 2025,en,Skillhouse,,0,,,2025-07-11,0,0,English,Released,,Skillhouse,0,0,,,Josh Stolberg
397,0,"action film, crime film, thriller film",,Q124737122,English cinema 2024 2025,en,Sovereign,,0,,,2025-07-11,0,0,English,Released,,Sovereign,0,0,,,
398,0,"action film, adventure film, fantasy film, science fiction film, superhero film",,Q116547790,English cinema 2024 2025,en,Superman,,0,,,2025-07-11,0,0,English,Released,,Superman,0,0,,,James Gunn
399,0,"adventure film, comedy film, family film, musical film, romance film, vampire film",,Q125201436,English cinema 2024 2025,en,Zombies 4: Dawn of the Vampires,,0,,,2025-07-10,0,0,English,Released,,Zombies 4: Dawn of the Vampires,0,0,,,Paul Hoen
400,0,"LGBT-related film, psychological drama film",,Q126734403,English cinema 2024 2025,en,Hot Milk,,0,,,2025-07-04,0,0,English,Released,,Hot Milk,0,0,,,Rebecca Lenkiewicz
401,0,,,Q130550614,Hindi cinema 2024 2025,hi,Metro... In Dino,,0,,,2025-07-04,0,0,Hindi,Released,,Metro... In Dino,0,0,,,Anurag Basu
402,0,erotic thriller film,,Q134540616,English cinema 2024 2025,en,Q134540616,,0,,,2025-07-04,0,0,English,Released,,Q134540616,0,0,,,Justin Kelly
403,0,"dystopian film, horror film, post-apocalyptic film, science fiction film, science fiction horror film, thriller film, zombie film",,Q125392328,English cinema 2024 2025,en,28 Years Later,,0,,,2025-07-03,0,0,English,Released,,28 Years Later,0,0,,,Danny Boyle
404,0,"action film, adventure film, drama film, science fiction action film, science fiction film",,Q124380480,English cinema 2024 2025,en,Jurassic World Rebirth,,0,,,2025-07-03,0,0,English,Released,,Jurassic World Rebirth,0,0,,,Gareth Edwards
405,0,"adventure film, comedy drama, comedy film, science fiction film, survival film",,Q104861381,English cinema 2024 2025,en,Long Distance,,0,,,2025-07-03,0,0,English,Released,,Long Distance,0,0,,,"Josh Gordon, Will Speck"
406,0,"drama film, romance film",,Q116971312,English cinema 2024 2025,en,On Swift Horses,,0,,,2025-07-03,0,0,English,Released,,On Swift Horses,0,0,,,Daniel Minahan
407,0,"drama film, musical film, post-apocalyptic film, science fiction film",,Q117287129,English cinema 2024 2025,en,The End,,0,,,2025-07-03,0,0,English,Released,,The End,0,0,,,Joshua Oppenheimer
408,0,"action film, adventure film, comedy film, family film, fantasy film",,Q131197530,English cinema 2024 2025,en,Dora and the Search for Sol Dorado,,0,,,2025-07-02,0,0,English,Released,,Dora and the Search for Sol Dorado,0,0,,,Alberto Belli
409,0,action comedy film,,Q118364834,English cinema 2024 2025,en,Heads of State,,0,,,2025-07-02,0,0,English,Released,,Heads of State,0,0,,,Ilya Naishuller
410,0,"action film, thriller film",,Q131840218,English cinema 2024 2025,en,Reflet dans un diamant mort,,0,,,2025-07-02,0,0,English,Released,,Reflet dans un diamant mort,0,0,,,"Bruno Forzani, Hélène Cattet"
411,0,"action film, speculative fiction film, superhero film",,Q114352640,English cinema 2024 2025,en,The Old Guard 2,,0,,,2025-07-02,0,0,English,Released,,The Old Guard 2,0,0,,,Victoria Mahoney
412,0,documentary film,,Q135552556,English cinema 2024 2025,en,Germaine Acogny – The Essence of Dance,,0,,,2025-07-01,0,0,English,Released,,Germaine Acogny – The Essence of Dance,0,0,,,Q137242272
413,0,action film,,Q124323597,English cinema 2024 2025,en,Ice Road: Vengeance,,0,,,2025-07-01,0,0,English,Released,,Ice Road: Vengeance,0,0,,,Jonathan Hensleigh
414,0,"biographical film, drama film",,Q135217981,English cinema 2024 2025,en,Beautifully Broken (2025 film),,0,,,2025-06-28,0,0,English,Released,,Beautifully Broken (2025 film),0,0,,,Q135218413
415,0,"drama film, film based on a novel, thriller film",,Q112057421,English cinema 2024 2025,en,Asphalt City,,0,,,2025-06-27,0,0,English,Released,,Asphalt City,0,0,,,Jean-Stéphane Sauvaire
416,0,"action film, sport film",,Q114246242,English cinema 2024 2025,en,F1,,0,,,2025-06-27,0,0,English,Released,,F1,0,0,,,Joseph Kosinski
417,0,"action comedy film, action film, science fiction film, thriller film",,Q116258185,English cinema 2024 2025,en,M3GAN 2.0,,0,,,2025-06-27,0,0,English,Released,,M3GAN 2.0,0,0,,,Gerard Johnstone
418,0,,,Q134601073,Hindi cinema 2024 2025,hi,Maa,,0,,,2025-06-27,0,0,Hindi,Released,,Maa,0,0,,,
419,0,action film,,Q131198881,English cinema 2024 2025,en,Off the Grid,,0,,,2025-06-27,0,0,English,Released,,Off the Grid,0,0,,,Johnny Martin
420,0,psychological thriller film,,Q121572304,English cinema 2024 2025,en,Please Don't Feed the Children,,0,,,2025-06-27,0,0,English,Released,,Please Don't Feed the Children,0,0,,,Destry Spielberg
421,0,"LGBT-related film, thriller film",,Q123693164,English cinema 2024 2025,en,Ponyboi,,0,,,2025-06-27,0,0,English,Released,,Ponyboi,0,0,,,Esteban Arango
422,0,musical film,,Q133932462,English cinema 2024 2025,en,Something Beautiful,,0,,,2025-06-27,0,0,English,Released,,Something Beautiful,0,0,,,Miley Cyrus
423,0,"comedy film, heist film",,Q130484589,English cinema 2024 2025,en,Stealing Pulp Fiction,,0,,,2025-06-27,0,0,English,Released,,Stealing Pulp Fiction,0,0,,,
424,0,war film,,Q123583548,English cinema 2024 2025,en,The Last Front,,0,,,2025-06-27,0,0,English,Released,,The Last Front,0,0,,,Q131935045
425,0,"biographical film, drama film",,Q116265668,English cinema 2024 2025,en,Words of War,,0,,,2025-06-27,0,0,English,Released,,Words of War,0,0,,,James Strong
426,0,documentary film,,Q123334897,English cinema 2024 2025,en,Copa 71,,0,,,2025-06-26,0,0,English,Released,,Copa 71,0,0,,,James Erskine
427,0,drama film,,Q125637377,Hindi cinema 2024 2025,hi,Sitaare Zameen Par,,0,,,2025-06-22,0,0,Hindi,Released,,Sitaare Zameen Par,0,0,,,R.S. Prasanna
428,0,documentary film,,Q135092610,Hindi cinema 2024 2025,hi,Sadanira,,0,,,2025-06-20,0,0,Hindi,Released,,Sadanira,0,0,,,Devrishi
429,0,,,Q133849153,Hindi cinema 2024 2025,hi,Bhool Chuk Maaf,,0,,,2025-05-23,0,0,Hindi,Released,,Bhool Chuk Maaf,0,0,,,
430,0,,,Q134434990,Hindi cinema 2024 2025,hi,His Story of Itihaas,,0,,,2025-05-23,0,0,Hindi,Released,,His Story of Itihaas,0,0,,,Manpreet Singh Dhami
431,0,drama film,,Q134486853,Hindi cinema 2024 2025,hi,Homebound,,0,,,2025-05-21,0,0,Hindi,Released,,Homebound,0,0,,,Neeraj Ghaywan
432,0,comedy drama,,Q123457713,Hindi cinema 2024 2025,hi,The Braid,,0,,,2025-05-08,0,0,Hindi,Released,,The Braid,0,0,,,Lætitia Colombani
433,0,,,Q126918438,Hindi cinema 2024 2025,hi,Raid 2,,0,,,2025-05-01,0,0,Hindi,Released,,Raid 2,0,0,,,Raj Kumar Gupta
434,0,action thriller,,Q133890495,Hindi cinema 2024 2025,hi,Ground Zero,,0,,,2025-04-25,0,0,Hindi,Released,,Ground Zero,0,0,,,Tejas Prabha Vijay Deoskar
435,0,"horror film, thriller film",,Q133847559,Hindi cinema 2024 2025,hi,Rimjhim: Woh Laut Aayi,,0,,,2025-04-20,0,0,Hindi,Released,,Rimjhim: Woh Laut Aayi,0,0,,,
436,0,,,Q133808481,Hindi cinema 2024 2025,hi,Kesari Chapter 2,,0,,,2025-04-18,0,0,Hindi,Released,,Kesari Chapter 2,0,0,,,
437,0,action film,,Q125861557,Hindi cinema 2024 2025,hi,Sikandar,,0,,,2025-03-30,0,0,Hindi,Released,,Sikandar,0,0,,,A. R. Murugadoss
438,0,,,Q132797538,Hindi cinema 2024 2025,hi,The Diplomat,,0,,,2025-03-14,0,0,Hindi,Released,,The Diplomat,0,0,,,Shivam Nair
439,0,thriller film,,Q132355940,Hindi cinema 2024 2025,hi,Crazxy,,0,,,2025-02-28,0,0,Hindi,Released,,Crazxy,0,0,,,Girish Kohli
440,0,romantic drama film,,Q126537613,Hindi cinema 2024 2025,hi,Dhadak 2,,0,,,2025-02-21,0,0,Hindi,Released,,Dhadak 2,0,0,,,Shazia Iqbal
441,0,,,Q127012906,Hindi cinema 2024 2025,hi,Chhaava,,0,,,2025-02-14,0,0,Hindi,Released,,Chhaava,0,0,,,Laxman Utekar
442,0,,,Q132407629,Hindi cinema 2024 2025,hi,Dhoom Dhaam,,0,,,2025-02-14,0,0,Hindi,Released,,Dhoom Dhaam,0,0,,,
443,0,drama film,,Q125422662,Hindi cinema 2024 2025,hi,All We Imagine as Light,,0,,,2025-02-13,0,0,Hindi,Released,,All We Imagine as Light,0,0,,,Payal Kapadia
444,0,drama film,,Q125422662,Marathi cinema 2024 2025,mr,All We Imagine as Light,,0,,,2025-02-13,0,0,Marathi,Released,,All We Imagine as Light,0,0,,,Payal Kapadia
445,0,"comedy film, drama film",,Q126453800,Hindi cinema 2024 2025,hi,Mrs.,,0,,,2025-02-07,0,0,Hindi,Released,,Mrs.,0,0,,,Arati Kadav
446,0,"action thriller, police procedural film",,Q125295778,Hindi cinema 2024 2025,hi,Deva,,0,,,2025-01-31,0,0,Hindi,Released,,Deva,0,0,,,Rosshan Andrrews
447,0,,,Q131716628,Marathi cinema 2024 2025,mr,Cactus Pears,,0,,,2025-01-26,0,0,Marathi,Released,,Cactus Pears,0,0,,,Rohan Kanawade
448,0,,,Q122909399,Hindi cinema 2024 2025,hi,Sky Force,,0,,,2025-01-24,0,0,Hindi,Released,,Sky Force,0,0,,,
449,0,historical drama film,,Q131128597,Hindi cinema 2024 2025,hi,Azaad,,0,,,2025-01-17,0,0,Hindi,Released,,Azaad,0,0,,,Abhishek Kapoor
450,0,biographical film,,Q115945804,Hindi cinema 2024 2025,hi,Emergency,,0,,,2025-01-17,0,0,Hindi,Released,,Emergency,0,0,,,Kangana Ranaut
451,0,supernatural horror,,Q136681363,Hindi cinema 2024 2025,hi,Baramulla,,0,,,2025-01-01,0,0,Hindi,Released,,Baramulla,0,0,,,Aditya Suhas Jambhale
452,0,drama film,,Q136370164,Hindi cinema 2024 2025,hi,Shape of Momo,,0,,,2025-01-01,0,0,Hindi,Released,,Shape of Momo,0,0,,,
453,0,,,Q131355417,Hindi cinema 2024 2025,hi,Vijay 69,,0,,,2024-12-09,0,0,Hindi,Released,,Vijay 69,0,0,,,
454,0,thriller film,,Q130632329,Hindi cinema 2024 2025,hi,Sikandar Ka Muqaddar,,0,,,2024-11-29,0,0,Hindi,Released,,Sikandar Ka Muqaddar,0,0,,,Neeraj Pandey
455,0,,,Q123193268,Hindi cinema 2024 2025,hi,Dard,,0,,,2024-11-15,0,0,Hindi,Released,,Dard,0,0,,,Anonno Mamun
456,0,comedy horror film,,Q126954881,Hindi cinema 2024 2025,hi,Bhool Bhulaiyaa 3,,0,,,2024-11-01,0,0,Hindi,Released,,Bhool Bhulaiyaa 3,0,0,,,Anees Bazmee
457,0,thriller film,,Q130424855,Hindi cinema 2024 2025,hi,Do Patti,,0,,,2024-10-25,0,0,Hindi,Released,,Do Patti,0,0,,,
458,0,,,Q130362806,Hindi cinema 2024 2025,hi,Binny And Family,,0,,,2024-09-27,0,0,Hindi,Released,,Binny And Family,0,0,,,
459,0,,,Q129581086,Hindi cinema 2024 2025,hi,Kahan Shuru Kahan Khatam,,0,,,2024-09-20,0,0,Hindi,Released,,Kahan Shuru Kahan Khatam,0,0,,,
460,0,,,Q129824701,Hindi cinema 2024 2025,hi,Adbhut,,0,,,2024-09-15,0,0,Hindi,Released,,Adbhut,0,0,,,Sabbir Khan
461,0,political drama,,Q129905515,Hindi cinema 2024 2025,hi,The Diary of West Bengal,,0,,,2024-08-30,0,0,Hindi,Released,,The Diary of West Bengal,0,0,,,
462,0,,,Q129167047,Marathi cinema 2024 2025,mr,Navra Maza Navsacha 2,,0,,,2024-08-20,0,0,Marathi,Released,,Navra Maza Navsacha 2,0,0,,,Sachin Pilgaonkar
463,0,comedy horror film,,Q124254266,Hindi cinema 2024 2025,hi,Stree 2,,0,,,2024-08-15,0,0,Hindi,Released,,Stree 2,0,0,,,Amar Kaushik
464,0,,,Q127945769,Hindi cinema 2024 2025,hi,Aliya Basu Gayab Hai,,0,,,2024-08-09,0,0,Hindi,Released,,Aliya Basu Gayab Hai,0,0,,,Preeti Singh
465,0,action film,,Q126285104,Hindi cinema 2024 2025,hi,Auron Mein Kahan Dum Tha,,0,,,2024-08-02,0,0,Hindi,Released,,Auron Mein Kahan Dum Tha,0,0,,,Neeraj Pandey
466,0,,,Q125510637,Hindi cinema 2024 2025,hi,Ulajh,,0,,,2024-08-02,0,0,Hindi,Released,,Ulajh,0,0,,,Sudhanshu Saria
467,0,,,Q127566781,Hindi cinema 2024 2025,hi,Bloody Ishq,,0,,,2024-07-26,0,0,Hindi,Released,,Bloody Ishq,0,0,,,Vikram Bhatt
468,0,,,Q124532446,Hindi cinema 2024 2025,hi,Sarfira,,0,,,2024-07-12,0,0,Hindi,Released,,Sarfira,0,0,,,Sudha Kongara Prasad
469,0,,,Q127375342,Hindi cinema 2024 2025,hi,Wild Wild Punjab,,0,,,2024-07-10,0,0,Hindi,Released,,Wild Wild Punjab,0,0,,,
470,0,,,Q126617484,Hindi cinema 2024 2025,hi,Rautu Ka Raaz,,0,,,2024-06-28,0,0,Hindi,Released,,Rautu Ka Raaz,0,0,,,
471,0,"dystopian film, science fiction film",,Q112430183,Hindi cinema 2024 2025,hi,Kalki 2898 AD,,0,,,2024-06-27,0,0,Hindi,Released,,Kalki 2898 AD,0,0,,,Nag Ashwin
472,0,,,Q130223289,Marathi cinema 2024 2025,mr,Gaabh,,0,,,2024-06-21,0,0,Marathi,Released,,Gaabh,0,0,,,
473,0,biographical film,,Q126877461,Hindi cinema 2024 2025,hi,Maharaj,,0,,,2024-06-21,0,0,Hindi,Released,,Maharaj,0,0,,,Siddharth P. Malhotra
474,0,,,Q127788483,Marathi cinema 2024 2025,mr,Alyad Palyad,,0,,,2024-06-14,0,0,Marathi,Released,,Alyad Palyad,0,0,,,
475,0,,,Q126279815,Hindi cinema 2024 2025,hi,Luv Ki Arrange Marriage,,0,,,2024-06-14,0,0,Hindi,Released,,Luv Ki Arrange Marriage,0,0,,,
476,0,,,Q126086642,Hindi cinema 2024 2025,hi,Munjya,,0,,,2024-06-07,0,0,Hindi,Released,,Munjya,0,0,,,Aditya Sarpotdar
477,0,,,Q126163843,Marathi cinema 2024 2025,mr,Hoy Maharaja,,0,,,2024-05-31,0,0,Marathi,Released,,Hoy Maharaja,0,0,,,
478,0,,,Q126086650,Hindi cinema 2024 2025,hi,Barah x Barah,,0,,,2024-05-24,0,0,Hindi,Released,,Barah x Barah,0,0,,,
479,0,crime film,,Q126000372,Hindi cinema 2024 2025,hi,Santosh,,0,,,2024-05-20,0,0,Hindi,Released,,Santosh,0,0,,,Sandhya Suri
480,0,,,Q124693553,Hindi cinema 2024 2025,hi,The Sabarmati Report,,0,,,2024-05-03,0,0,Hindi,Released,,The Sabarmati Report,0,0,,,Dheeraj Sarna
481,0,"action film, children's film, family film",,Q122642767,Hindi cinema 2024 2025,hi,Chhota Bheem and the Curse of Damyaan,,0,,,2024-05-01,0,0,Hindi,Released,,Chhota Bheem and the Curse of Damyaan,0,0,,,Rajiv Chilaka
482,0,,,Q125470463,Hindi cinema 2024 2025,hi,Kaam Chalu Hai,,0,,,2024-04-19,0,0,Hindi,Released,,Kaam Chalu Hai,0,0,,,Palash Muchhal
483,0,,,Q125289290,Hindi cinema 2024 2025,hi,Silence 2: The Night Owl Bar Shootout,,0,,,2024-04-16,0,0,Hindi,Released,,Silence 2: The Night Owl Bar Shootout,0,0,,,
484,0,"biographical film, drama film",,Q124728747,Hindi cinema 2024 2025,hi,Amar Singh Chamkila,,0,,,2024-04-12,0,0,Hindi,Released,,Amar Singh Chamkila,0,0,,,Imtiaz Ali
485,0,,,Q123749605,Hindi cinema 2024 2025,hi,Bastar: The Naxal Story,,0,,,2024-04-05,0,0,Hindi,Released,,Bastar: The Naxal Story,0,0,,,Sudipto Sen
486,0,"action film, thriller film",,Q118502010,Hindi cinema 2024 2025,hi,Devara: Part 1,,0,,,2024-04-05,0,0,Hindi,Released,,Devara: Part 1,0,0,,,Koratala Siva
487,0,"comedy film, drama film",,Q124656178,Hindi cinema 2024 2025,hi,Crew,,0,,,2024-03-29,0,0,Hindi,Released,,Crew,0,0,,,Rajesh Krishnan
488,0,,,Q124304410,Hindi cinema 2024 2025,hi,Do Aur Do Pyaar,,0,,,2024-03-29,0,0,Hindi,Released,,Do Aur Do Pyaar,0,0,,,
489,0,,,Q124797679,Hindi cinema 2024 2025,hi,Madgaon Express,,0,,,2024-03-22,0,0,Hindi,Released,,Madgaon Express,0,0,,,Kunal Khemu
490,0,,,Q116689545,Hindi cinema 2024 2025,hi,Ae Watan Mere Watan,,0,,,2024-03-21,0,0,Hindi,Released,,Ae Watan Mere Watan,0,0,,,Kannan Iyer
491,0,,,Q124030529,Hindi cinema 2024 2025,hi,Murder Mubarak,,0,,,2024-03-15,0,0,Hindi,Released,,Murder Mubarak,0,0,,,Homi Adajania
492,0,"coming-of-age film, drama film",,Q123982001,Hindi cinema 2024 2025,hi,Girls Will Be Girls,,0,,,2024-03-08,0,0,Hindi,Released,,Girls Will Be Girls,0,0,,,Shuchi Talati
493,0,,,Q104880249,Hindi cinema 2024 2025,hi,Tera Kya Hoga Lovely,,0,,,2024-03-08,0,0,Hindi,Released,,Tera Kya Hoga Lovely,0,0,,,
494,0,,,Q124739921,Hindi cinema 2024 2025,hi,Dange,,0,,,2024-03-01,0,0,Hindi,Released,,Dange,0,0,,,Bejoy Nambiar
495,0,comedy drama,,Q124714626,Hindi cinema 2024 2025,hi,Laapataa Ladies,,0,,,2024-03-01,0,0,Hindi,Released,,Laapataa Ladies,0,0,,,Kiran Rao
496,0,,,Q124618274,Marathi cinema 2024 2025,mr,Aata Vel Zaali,,0,,,2024-02-23,0,0,Marathi,Released,,Aata Vel Zaali,0,0,,,Anant Mahadevan
497,0,,,Q124412409,Hindi cinema 2024 2025,hi,All India Rank,,0,,,2024-02-23,0,0,Hindi,Released,,All India Rank,0,0,,,Varun Grover
498,0,,,Q124325961,Hindi cinema 2024 2025,hi,Article 370,,0,,,2024-02-23,0,0,Hindi,Released,,Article 370,0,0,,,Aditya Suhas Jambhale
499,0,,,Q123956214,Hindi cinema 2024 2025,hi,Crakk Jeetegaa... Toh Jiyegaa!,,0,,,2024-02-23,0,0,Hindi,Released,,Crakk Jeetegaa... Toh Jiyegaa!,0,0,,,Aditya Datt
500,0,social drama,,Q124340421,Hindi cinema 2024 2025,hi,Aakhir Palaayan Kab Tak,,0,,,2024-02-16,0,0,Hindi,Released,,Aakhir Palaayan Kab Tak,0,0,,,
501,0,,,Q124555611,Hindi cinema 2024 2025,hi,Kuch Khattaa Ho Jaay,,0,,,2024-02-16,0,0,Hindi,Released,,Kuch Khattaa Ho Jaay,0,0,,,G. Ashok
502,0,crime thriller film,,Q124323601,Hindi cinema 2024 2025,hi,Bhakshak,,0,,,2024-02-09,0,0,Hindi,Released,,Bhakshak,0,0,,,Pulkit
503,0,,,Q125303252,Marathi cinema 2024 2025,mr,Delivery Boy,,0,,,2024-02-09,0,0,Marathi,Released,,Delivery Boy,0,0,,,Mohsin Khan
504,0,"comedy film, drama film, romance film, science fiction film",,Q124260479,Hindi cinema 2024 2025,hi,Teri Baaton Mein Aisa Uljha Jiya,,0,,,2024-02-09,0,0,Hindi,Released,,Teri Baaton Mein Aisa Uljha Jiya,0,0,,,"Amit Joshi, Aradhana Sah"
505,0,"biographical film, drama film",,Q116158209,Hindi cinema 2024 2025,hi,Main Atal Hoon,,0,,,2024-01-19,0,0,Hindi,Released,,Main Atal Hoon,0,0,,,Ravi Jadhav
506,0,"drama film, thriller film",,Q122642379,Hindi cinema 2024 2025,hi,Merry Christmas,,0,,,2024-01-12,0,0,Hindi,Released,,Merry Christmas,0,0,,,Sriram Raghavan
507,0,drama film,,Q136664622,Hindi cinema 2024 2025,hi,Main Paapi Hoon,,0,,,2024-01-05,0,0,Hindi,Released,,Main Paapi Hoon,0,0,,,Jay Dogra
508,0,,,Q124006679,Marathi cinema 2024 2025,mr,Satyashodhak,,0,,,2024-01-05,0,0,Marathi,Released,,Satyashodhak,0,0,,,Nilesh Jalamkar
509,0,drama film,,Q131716634,Hindi cinema 2024 2025,hi,Anuja,,0,,,2024-01-01,0,0,Hindi,Released,,Anuja,0,0,,,Q131925324
510,0,"animated film, drama film",,Q126680631,Hindi cinema 2024 2025,hi,Black Butterflies,,0,,,2024-01-01,0,0,Hindi,Released,,Black Butterflies,0,0,,,David Baute
511,0,,,Q136954074,Hindi cinema 2024 2025,hi,Chashma (short film),,0,,,2024-01-01,0,0,Hindi,Released,,Chashma (short film),0,0,,,
512,0,comedy drama,,Q122341144,Hindi cinema 2024 2025,hi,Dunki,,0,,,2024-01-01,0,0,Hindi,Released,,Dunki,0,0,,,Rajkumar Hirani
513,0,,,Q131322019,Hindi cinema 2024 2025,hi,Happy,,0,,,2024-01-01,0,0,Hindi,Released,,Happy,0,0,,,Sandeep Kumar
514,0,"comedy film, drama film",,Q127630083,Hindi cinema 2024 2025,hi,Khel Khel Mein,,0,,,2024-01-01,0,0,Hindi,Released,,Khel Khel Mein,0,0,,,Muddassar Aziz
515,0,action film,,Q123528206,Hindi cinema 2024 2025,hi,Singham Again,,0,,,2024-01-01,0,0,Hindi,Released,,Singham Again,0,0,,,Rohit Shetty
